Player Name,Salary,Position,Age,Team,GP,MP,PTS,AST,TRB,WS,PER,USG%,BPM,VORP,log_salary,salary_per_WS,pts_per_dollar,PER_salary_ratio,IF_label,IF_score,LOF_label,LOF_score
Stephen Curry,48070014,PG,34,GSW,56,34.7,29.4,6.3,6.1,7.8,24.1,31.0,7.5,4.7,17.68816913111204,5462501.590909091,0.6116078934364363,0.5013520487012965,-1,-0.03066837074970219,1,-1.0717801591265752
John Wall,47345760,PG,32,LAC,34,22.2,11.4,5.2,2.7,0.3,13.6,27.0,-1.2,0.1,17.672987827652356,36419815.384615384,0.24078185670691526,0.2872485308082498,-1,-0.1021184350401948,-1,-3.771632353149672
Russell Westbrook,47080179,PG,34,LAL/LAC,73,29.1,15.9,7.5,5.8,1.9,16.1,27.7,0.2,1.2,17.667362642388206,16234544.48275862,0.3377217406076557,0.3419698128165571,-1,-0.035661205468007884,-1,-1.5180992679204954
LeBron James,44474988,PF,38,LAL,55,35.5,28.9,6.8,8.3,5.6,23.9,33.3,6.1,4.0,17.610437521701634,6738634.545454546,0.6498034355849629,0.5373806958643811,-1,-0.04822843758373796,1,-1.0844130409561363
Kevin Durant,44119845,PF,34,BRK/PHO,47,35.6,29.1,5.0,6.7,6.8,25.9,30.7,7.1,3.9,17.60242023919744,5656390.384615385,0.659567140365067,0.5870374204623793,-1,-0.014215430879374047,1,-1.0488339803671571
Bradley Beal,43279250,SG,29,WAS,50,33.5,23.2,5.4,3.9,3.4,19.7,29.2,1.8,1.6,17.583183863332017,9836193.181818182,0.5360536515766794,0.455183488623301,1,0.014468018378825387,1,-1.0764938474498968
Kawhi Leonard,42492492,SF,31,LAC,52,33.6,23.8,3.9,6.5,7.1,23.9,27.0,6.1,3.5,17.56483795946511,5245986.666666667,0.5600989464209348,0.5624523033386698,1,0.01613037878126905,1,-1.0137290414252953
Paul George,42492492,SF,32,LAC,56,34.6,23.8,5.1,6.1,4.6,19.6,29.5,2.8,2.3,17.56483795946511,7587945.000000001,0.5600989464209348,0.461257955876064,1,0.028248651313742934,1,-0.9971326304221015
Giannis Antetokounmpo,42492492,PF,28,MIL,63,32.1,31.1,5.7,11.8,8.6,29.0,38.8,8.5,5.4,17.56483795946511,4426301.25,0.7318940014155914,0.6824735061431558,-1,-0.11774991180159844,-1,-1.2690920468198053
Damian Lillard,42492492,PG,32,POR,58,36.3,32.2,7.3,4.8,9.0,26.7,33.8,7.1,4.9,17.56483795946511,4249249.2,0.7577809275106766,0.6283462970352504,-1,-0.05427035002971348,1,-1.1315429873657277
Klay Thompson,40600080,SF,32,GSW,69,33.0,21.9,2.4,4.1,3.1,14.7,26.4,-0.3,1.0,17.51928059501337,9902458.536585366,0.5394078041225534,0.3620682520822619,1,0.02105953016762785,1,-1.113732965397888
Kyrie Irving,38917057,PG-SG,30,BRK/DAL,60,37.4,27.1,5.5,5.1,7.4,22.4,28.9,4.1,3.5,17.47694319577346,4632982.976190476,0.6963527586374273,0.5755830920102719,1,0.03691552972376316,1,-1.0159822845332287
Rudy Gobert,38172414,C,30,MIN,70,30.7,13.4,1.2,11.6,7.8,18.9,16.3,0.7,1.4,17.457623666106493,4337774.318181817,0.351038841819121,0.49512194853592434,-1,-0.008880964586190032,1,-1.1213411248816152
Khris Middleton,37984276,SF,31,MIL,33,24.3,15.1,4.9,4.2,1.9,17.4,27.4,0.8,0.6,17.452682842582487,13098026.206896553,0.39753291598871066,0.45808428729824935,1,0.012120977891037332,-1,-1.2313208612531779
Anthony Davis,37980720,C,29,LAL,56,34.0,25.9,2.6,12.5,9.0,27.8,28.4,6.3,4.0,17.452589220514696,3798072.0,0.681924934545738,0.7319503158444601,-1,-0.05797144014682054,-1,-1.2298493861553266
Jimmy Butler,37653300,PF,33,MIA,64,33.4,22.9,5.3,5.9,12.3,27.6,25.6,8.7,5.8,17.443931157771583,2831075.187969925,0.6081804250889031,0.7330034817665384,-1,-0.07305568704651877,1,-1.224808412248748
Tobias Harris,37633050,SF,30,PHI,74,32.9,14.7,2.5,5.7,5.9,14.8,18.2,0.7,1.7,17.443393211636902,5454065.217391304,0.3906141011690522,0.3932713399525152,1,0.06337084132816129,1,-1.0166963995456686
Trae Young,37096500,PG,24,ATL,73,34.8,26.2,10.2,3.0,6.7,22.0,32.6,3.3,3.4,17.42903318350476,4817727.2727272725,0.7062660897928376,0.593047861658108,-1,-0.016685666383267628,1,-1.1317263630412007
Zach LaVine,37096500,SG,27,CHI,77,35.9,24.8,4.2,4.5,7.1,19.0,28.3,1.9,2.7,17.42903318350476,4579814.814814815,0.6685266804145944,0.5121776987047296,1,0.05684695518920602,1,-0.9766249705929597
Ben Simmons,35448672,PG,26,BRK,42,26.3,6.9,6.1,6.3,2.2,13.4,14.3,0.4,0.7,17.383596349027744,11077710.0,0.19464763024126827,0.37801133988883984,-1,-0.017455059055453415,-1,-1.4684913078203077
Pascal Siakam,35448672,PF,28,TOR,71,37.4,24.2,5.8,7.8,7.8,20.3,27.2,3.1,3.4,17.383596349027744,4028258.1818181816,0.682677195918651,0.5726589701301081,1,0.03691822972684866,1,-1.0007522091106478
Myles Turner,35096500,C,26,IND,62,29.4,18.0,1.4,7.5,5.4,20.0,22.0,2.1,1.9,17.373611968364497,5483828.125,0.5128716538686194,0.5698573931873548,1,0.04508004322377085,1,-1.0448635711752652
Jrue Holiday,34319520,PG,32,MIL,67,32.6,19.3,7.4,5.1,6.7,19.2,25.0,3.1,2.8,17.351224846472245,4457080.519480519,0.562362177559593,0.5594483838934811,1,0.0458367955192171,1,-1.0046495224645835
Karl-Anthony Towns,33833400,PF,27,MIN,29,33.0,20.8,4.8,8.1,2.7,18.8,25.6,3.0,1.2,17.336959038219415,9144162.162162162,0.6147771137396775,0.5556639297262469,1,0.00791177212258859,1,-1.1299011322029768
Devin Booker,33833400,SG,26,PHO,53,34.6,27.8,5.5,4.5,6.0,22.0,31.8,4.2,2.9,17.336959038219415,4833342.857142857,0.8216732577866842,0.6502450241477358,1,0.02843166036181677,1,-1.0145591738815802
Andrew Wiggins,33616770,SF,27,GSW,37,32.2,17.1,2.3,5.0,2.3,14.7,21.5,-0.5,0.5,17.33053560756375,10186900.0,0.5086746882582711,0.4372817495553558,1,0.0403806986582399,1,-1.16543170255743
Joel Embiid,33616770,C,28,PHI,66,34.6,33.1,4.2,10.2,12.3,31.4,37.0,9.2,6.4,17.33053560756375,2527576.691729323,0.9846276129443726,0.9340576146964743,-1,-0.15487580677939516,-1,-1.4069788951249182
CJ McCollum,33333333,SG,31,NOP,75,35.3,20.9,5.7,4.4,4.3,15.6,26.4,0.8,1.9,17.322068445284255,6289308.113207547,0.62700000627,0.46800000467999997,1,0.06080646730289341,1,-1.0015572224204292
James Harden,33000000,PG,33,PHI,58,36.8,21.0,10.7,6.1,8.4,21.6,25.0,5.4,4.0,17.312018119430753,3510638.2978723403,0.6363636363636364,0.6545454545454545,-1,-0.012993116702490037,1,-1.1545210026819828
Jamal Murray,31650600,PG,25,DEN,65,32.8,20.0,6.2,4.0,5.1,18.0,26.1,1.3,1.8,17.27026766372074,5188622.950819672,0.6318995532470159,0.5687095979223142,1,0.06475726818889693,1,-0.9967945996956697
Brandon Ingram,31650600,SF,25,NOP,45,34.2,24.7,5.8,5.5,3.5,19.2,30.8,1.7,1.4,17.27026766372074,7033466.666666667,0.7803959482600645,0.6066235711171352,1,0.03555161823362557,1,-1.0091424559669036
D'Angelo Russell,31377750,PG,26,LAL/MIN,71,32.5,17.8,6.2,3.0,5.1,16.3,22.7,1.5,2.0,17.26160960097763,5143893.442622951,0.5672809554541036,0.519476380556286,1,0.05827830043022836,1,-1.012911140818664
Donovan Mitchell,30913750,SG,26,CLE,68,35.8,28.3,4.4,4.3,8.9,22.9,32.1,6.3,5.0,17.246711626710805,3122601.01010101,0.9154502446322429,0.7407706926529456,-1,-0.011001282796143985,1,-1.0679012696110628
Shai Gilgeous-Alexander,30913750,PG,24,OKC,68,35.5,31.4,5.5,4.8,11.4,27.2,32.8,7.3,5.6,17.246711626710805,2493044.35483871,1.015729246694432,0.8798673729327564,-1,-0.0744780511493196,1,-1.1922425940441093
Deandre Ayton,30913750,C,24,PHO,67,30.4,18.0,1.7,10.0,6.2,19.9,22.9,0.9,1.5,17.246711626710805,4293576.388888889,0.5822651732643241,0.6437264971088916,1,0.03376823634776821,1,-1.0742106867119492
Kevin Love,30556968,PF,34,CLE/MIA,62,20.0,8.2,1.9,6.4,2.6,13.1,19.2,0.6,0.8,17.23510330268081,8488046.666666666,0.2683512317059729,0.4287074555302738,1,0.03404207965688755,-1,-1.2916775863177967
Jayson Tatum,30351780,SF,24,BOS,74,36.9,30.1,4.6,8.8,10.5,23.7,32.7,5.5,5.1,17.228365722843893,2639285.217391304,0.9917046051335374,0.7808438253044796,-1,-0.042280500546934885,1,-1.121552197989975
Bam Adebayo,30351780,C,25,MIA,75,34.6,20.4,3.2,9.2,7.4,20.1,25.2,1.5,2.3,17.228365722843893,3613307.1428571427,0.6721187357051217,0.6622346366506346,1,0.04713325309368349,1,-1.0148458949299928
De'Aaron Fox,30351780,PG,25,SAC,73,33.4,25.0,6.1,4.2,7.4,21.8,30.1,2.5,2.7,17.228365722843893,3613307.1428571427,0.823674921207257,0.7182445312927281,1,0.05702462904159644,1,-0.9995924762009951
Gordon Hayward,30075000,SF,32,CHO,50,31.5,14.7,4.1,4.3,2.0,13.5,20.0,-1.4,0.2,17.219204819825016,10025000.0,0.48877805486284287,0.4488778054862843,1,0.04611950168860679,1,-1.1916312987845583
Jaylen Brown,29776785,SF,26,BOS,67,35.9,26.6,3.5,6.9,5.0,19.1,31.4,1.3,2.0,17.209239621030896,4962797.5,0.8933133647571422,0.6414392957466698,1,0.03603695671622975,1,-1.0112337253533112
Chris Paul,28400000,PG,37,PHO,59,32.0,13.9,8.9,4.3,6.2,17.7,19.2,3.2,2.5,17.161899703131436,3944444.4444444445,0.4894366197183099,0.6232394366197184,1,0.02369011304988322,1,-1.1361573914569891
Kyle Lowry,28333334,PG,36,MIA,55,31.2,11.2,5.1,4.1,3.4,12.6,16.7,0.2,0.9,17.15954954931589,6439394.090909091,0.39529410834602097,0.4447058718892736,1,0.06920713808704759,1,-1.1440599216794425
Jalen Brunson,27733332,PG,26,NYK,68,35.0,24.0,6.2,3.5,8.7,21.2,27.2,3.9,3.5,17.138145569046404,2859106.3917525774,0.865384656989647,0.7644231136741881,1,0.036587949318681756,1,-1.043546009678673
DeMar DeRozan,27300000,SF,33,CHI,74,36.2,24.5,5.1,4.6,8.5,20.6,27.8,2.0,2.6,17.12239726015519,2873684.210526316,0.8974358974358975,0.7545787545787546,1,0.05832376994513394,1,-0.9859145361777546
Al Horford,26500000,C,36,BOS,63,30.5,9.8,3.0,6.2,6.3,13.8,11.9,3.3,2.5,17.09265529095645,3630136.98630137,0.369811320754717,0.5207547169811321,1,0.041258139289345463,1,-1.120222189595657
Draymond Green,25806468,PF,32,GSW,73,31.5,8.5,6.8,7.2,4.7,12.2,13.2,0.8,1.6,17.066135716146853,4527450.52631579,0.3293747908470078,0.4727496998039406,1,0.0182242955288468,1,-1.2097560896731416
Julius Randle,23760000,PF,28,NYK,77,35.5,25.1,4.1,10.0,8.1,20.3,29.5,3.7,3.9,16.98351405245872,2610989.0109890113,1.0563973063973064,0.8543771043771043,1,0.0029915474158194177,1,-1.0686472620754928
John Collins,23500000,PF,25,ATL,71,30.0,13.1,1.2,6.5,4.2,13.6,17.1,-1.3,0.4,16.972510979114386,4519230.769230769,0.5574468085106383,0.5787234042553191,1,0.08202198982053754,1,-1.1236291165968566
Mike Conley,22680000,PG,35,MIN/UTA,67,30.3,11.9,6.7,2.7,5.5,14.7,16.3,0.9,1.5,16.936994036823826,3489230.769230769,0.5246913580246914,0.6481481481481481,1,0.06821635723770209,1,-1.0690354617398756
Malcolm Brogdon,22600000,PG,30,BOS,67,26.0,14.9,3.7,4.2,5.8,18.2,22.8,2.8,2.1,16.933460464242515,3323529.411764706,0.6592920353982301,0.8053097345132743,1,0.07911225768834951,1,-0.9908680771257163
Anfernee Simons,22321429,SG,23,POR,62,35.0,21.1,4.1,2.6,2.5,14.8,25.1,-1.1,0.5,16.92105771672547,6377551.142857143,0.9452799818506245,0.6630399872696323,1,0.056654102157735475,1,-1.0551575159602151
Terry Rozier,21486316,SG,28,CHO,63,35.3,21.1,5.1,4.1,1.7,14.7,26.9,-0.6,0.8,16.882926825351706,7957894.814814814,0.9820203705465378,0.6841563718973509,1,0.05273846762759293,1,-1.0560007282574557
Fred VanVleet,21250000,PG,28,TOR,69,36.7,19.3,7.2,4.1,6.5,17.0,23.2,2.5,2.9,16.8718674533347,2833333.3333333335,0.9082352941176471,0.8,1,0.05748356085540485,1,-1.0009378520452548
Buddy Hield,21177750,SF,30,IND,80,31.0,16.8,2.8,5.0,4.4,15.4,20.8,1.9,2.4,16.868461660199866,3921805.5555555555,0.7932854056734073,0.7271782885339566,1,0.08844476782431027,1,-1.0049283198249852
Domantas Sabonis,21100000,C,26,SAC,79,34.6,19.1,7.3,12.3,12.6,23.5,21.3,5.8,5.4,16.864783598446294,1551470.5882352942,0.9052132701421801,1.1137440758293837,-1,-0.0986539616043337,-1,-1.4099636008730152
Jerami Grant,20955000,PF,28,POR,63,35.7,20.5,2.4,4.5,4.1,16.0,22.8,-0.2,1.0,16.85788783934131,4108823.529411765,0.9782868050584587,0.763540921021236,1,0.08762550103752692,1,-1.0113690594038758
Aaron Gordon,20690909,PF,27,DEN,68,30.2,16.3,3.0,6.6,6.8,19.5,21.1,2.1,2.1,16.845204983024406,2652680.641025641,0.7877855922134692,0.9424428863903466,1,0.07515880243689538,1,-1.0118906317459988
Mikal Bridges,20100000,SF-SG,26,BRK/PHO,83,35.7,20.1,3.3,4.4,7.5,16.8,22.6,1.7,2.8,16.816230373029303,2364705.882352941,1.0,0.835820895522388,1,0.06949445976658186,1,-0.9898002779590028
Jarrett Allen,20000000,C,24,CLE,68,32.6,14.3,1.7,9.8,9.5,19.9,16.4,2.4,2.4,16.811242831518264,1904761.9047619049,0.7150000000000001,0.9949999999999999,1,0.015271926170560779,1,-1.047622393028494
Nicolas Batum,19700319,PF,34,LAC,78,21.9,6.1,1.6,3.8,3.6,11.0,11.5,0.5,1.0,16.796145386470513,4282678.043478261,0.3096396560888176,0.5583665929470482,1,0.07172374244693386,1,-1.0749738239514706
Eric Gordon,19568360,SG,34,HOU/LAC,69,28.5,12.4,2.7,1.9,2.3,11.8,17.8,-1.9,0.1,16.789424534123345,5929806.060606061,0.6336759953312389,0.6030142536216628,1,0.09313440283899627,1,-1.047710263990861
Spencer Dinwiddie,19500000,SG-PG,29,BRK/DAL,79,34.5,17.3,6.5,3.4,6.3,16.0,22.1,0.7,1.8,16.785925023533974,2671232.8767123288,0.8871794871794872,0.8205128205128205,1,0.0726062172013589,1,-1.0278684039381087
Caris LeVert,18796296,SG,28,CLE,74,30.2,12.1,3.9,3.8,4.4,12.4,18.7,-0.2,1.0,16.74917038711234,3480795.5555555555,0.6437438525122183,0.6597044438968188,1,0.10173081358257935,1,-1.0288864707147058
Joe Harris,18642857,SF,31,BRK,74,20.6,7.6,1.4,2.2,2.6,10.6,14.3,-1.1,0.3,16.740973628008874,5178571.388888889,0.4076628383728953,0.5685823798358803,1,0.0841812660576794,1,-1.0355094381158398
Harrison Barnes,18352273,PF,30,SAC,82,32.5,15.0,1.6,4.5,6.5,14.1,17.1,-1.0,0.7,16.725263994003505,2446969.7333333334,0.8173374491541184,0.7682972022048713,1,0.09059017464072722,1,-1.0734068081236223
Clint Capela,18206896,C,28,ATL,65,26.6,12.0,0.9,11.0,7.2,22.1,15.7,2.2,1.8,16.71731098138103,2220353.1707317075,0.6590909290633614,1.2138257943583575,1,0.011611806746414932,1,-1.0712875162878301
Steven Adams,17926829,C,29,MEM,42,27.0,8.6,2.3,11.5,3.4,17.5,14.6,0.6,0.7,16.701808975506818,4074279.318181818,0.4797278983360637,0.9761904908001298,1,0.0348397318702357,1,-1.1837940827682238
OG Anunoby,17357143,SF,25,TOR,67,35.6,16.8,2.0,5.0,4.7,14.6,19.5,0.4,1.5,16.669514679920017,3045112.807017544,0.967901226601636,0.8411522564514217,1,0.09596384570197036,1,-1.0333510592181026
Marcus Smart,17207142,PG,28,BOS,61,32.1,11.5,6.3,3.1,3.7,12.1,17.8,-1.0,0.5,16.660835088156638,3661094.0425531915,0.6683271399747849,0.7031963820604258,1,0.08567463867204855,1,-1.1748005224150835
Derrick White,17142857,SG,28,BOS,82,28.3,12.4,3.9,3.6,7.4,15.4,17.7,2.4,2.6,16.657092143357673,2040816.3095238095,0.7233333393611112,0.8983333408194446,1,0.0662154574544428,1,-1.0513793234805104
Dejounte Murray,17071120,SG,26,ATL,74,36.4,20.5,6.1,5.3,4.7,17.0,24.4,1.0,2.1,16.65289870480336,2994933.333333333,1.2008585259783775,0.9958338995918252,1,0.07832926046496241,1,-0.9873041067681271
Mitchell Robinson,17045454,C,24,NYK,59,27.0,7.4,0.9,9.4,6.5,18.9,10.1,2.4,1.7,16.651394098576368,2272727.2,0.4341333472256005,1.108800035481601,1,0.014578597028490514,1,-1.0856902996850053
Duncan Robinson,16902000,SF,28,MIA,42,16.5,6.4,1.1,1.6,0.5,7.8,17.9,-5.0,-0.5,16.642942516086563,11268000.0,0.37865341379718376,0.46148384806531767,-1,-0.008980448987664924,-1,-1.6284297250200648
Norman Powell,16758621,SG,29,LAC,60,26.1,17.0,1.8,2.9,3.5,17.1,26.0,0.3,0.9,16.634423370396814,3724138.0,1.0144032733958241,1.0203703514746232,1,0.07742603964557371,1,-1.0772732692425842
Collin Sexton,16700000,PG,24,UTA,48,23.9,14.3,2.9,2.2,2.5,15.9,23.4,-1.3,0.2,16.630919277386983,4771428.571428572,0.8562874251497007,0.9520958083832336,1,0.0768137057954309,1,-1.0817324626672158
Markelle Fultz,16500000,PG,24,ORL,60,29.6,14.0,5.7,3.9,3.7,16.6,21.3,0.5,1.2,16.61887093887081,3510638.2978723403,0.8484848484848485,1.006060606060606,1,0.09439470550188928,1,-0.9973349545538245
Lauri Markkanen,16475454,PF,25,UTA,66,34.4,25.6,1.9,8.6,8.2,22.1,26.6,3.8,3.3,16.61738219487756,1790810.2173913044,1.5538266805879828,1.3413894391013446,-1,-0.0010605894845762132,1,-1.063965031188567
Marcus Morris,16372093,PF,33,LAC,65,28.1,11.2,1.8,4.0,2.0,10.5,17.6,-1.9,0.0,16.6110887970083,5457364.333333333,0.6840909100626291,0.6413352281837148,1,0.10837770544471775,1,-1.0333633593100982
Malik Beasley,15558035,SG,26,LAL/UTA,81,25.8,12.7,1.5,3.5,1.4,10.9,21.1,-2.0,0.0,16.56008778339281,6482514.583333334,0.8162984592848647,0.7006026146618131,1,0.09443067329584653,1,-1.0649053906625618
Luguentz Dort,15277778,SF,23,OKC,74,30.7,13.7,2.1,4.6,2.9,11.3,19.8,-3.0,-0.6,16.541909912280136,3917378.9743589745,0.8967272596839672,0.7396363528780168,1,0.0891515941016564,1,-1.0779022883551481
Will Barton,15059712,SG,32,WAS/TOR,56,17.7,6.8,2.0,2.4,0.4,10.0,18.9,-2.6,-0.2,16.52753365664719,10756937.142857144,0.45153585938429636,0.6640233226239652,1,0.04173096598917747,-1,-1.3147160450300543
Tyus Jones,15000000,PG,26,MEM,80,24.3,10.3,5.2,2.5,5.7,16.0,17.7,1.6,1.7,16.523560759066484,2238805.9701492535,0.6866666666666668,1.0666666666666667,1,0.07922748467570828,1,-1.05494302941139
Kevin Huerter,14508929,SG,24,SAC,75,29.4,15.2,2.9,3.3,4.9,15.2,19.9,1.0,1.7,16.490274810971478,2459140.5084745763,1.047630738285369,1.047630738285369,1,0.1049377438993025,1,-1.0272471026449919
Christian Wood,14317459,C,27,DAL,67,25.9,16.6,1.8,7.3,4.8,20.6,26.4,1.7,1.6,16.476990259617622,2468527.4137931033,1.159423610013481,1.4388027931492593,1,0.0657432845923418,1,-1.0308548434710048
Kentavious Caldwell-Pope,14004703,SG,29,DEN,76,31.3,10.8,2.4,2.7,4.5,11.5,14.1,-1.0,0.6,16.45490375973959,2546309.6363636362,0.7711695135555535,0.8211527227674875,1,0.10647734626025429,1,-0.9953603681333429
Brook Lopez,13906976,C,34,MIL,78,30.4,15.9,1.3,6.7,8.0,18.4,19.3,2.1,2.5,16.447901142709636,1545219.5555555555,1.1433110979698247,1.3230769938770297,1,0.05551610699768672,1,-1.0342086882255734
Patrick Beverley,13801614,SG-PG,34,LAL/CHI,67,27.1,6.2,2.9,3.7,3.0,8.9,10.6,-1.2,0.3,16.44029609981029,3450403.5,0.44922282278000236,0.6448521165712937,1,0.07938098016097356,1,-1.0509487826396577
Doug McDermott,13750000,SF,31,SAS,64,20.5,10.2,1.4,2.2,1.0,11.2,19.2,-3.2,-0.4,16.436549382076855,6875000.0,0.7418181818181818,0.8145454545454545,1,0.08664601323300264,1,-1.0665932138486605
Luke Kennard,13745455,SG,26,LAC/MEM,59,22.3,9.3,1.5,2.7,3.4,13.0,14.5,0.5,0.8,16.43621878198012,3123967.0454545454,0.6765872792133837,0.9457671644918266,1,0.11448933799564903,1,-0.9983887058208767
Zion Williamson,13534817,PF,22,NOP,29,33.0,26.0,4.6,7.0,3.6,25.2,30.4,5.8,1.9,16.420775960436735,2942351.521739131,1.9209716688448761,1.8618648482650337,-1,-0.019878138680824442,1,-1.0789509409628528
Jordan Clarkson,13340000,SG,30,UTA,61,32.6,20.8,4.4,4.0,1.7,14.7,27.8,-1.4,0.3,16.40627759845175,4940740.740740741,1.5592203898050976,1.1019490254872564,1,0.0663647441929055,1,-1.0630971704437833
Gary Harris,13000000,SG,28,ORL,48,24.7,8.3,1.2,2.0,2.3,10.5,12.6,-0.7,0.4,16.38045991542581,3939393.9393939395,0.6384615384615385,0.8076923076923077,1,0.10238054299004656,1,-1.0126887427495563
Kyle Kuzma,13000000,PF,27,WAS,64,35.0,21.2,3.7,7.2,0.9,14.3,27.9,-1.7,0.2,16.38045991542581,6842105.263157895,1.6307692307692307,1.1,1,0.03284802023612604,1,-1.1514378098545517
Josh Hart,12960000,SF,27,NYK/POR,76,32.3,9.8,3.8,7.8,6.0,14.1,12.6,0.9,1.8,16.3773782488884,1851428.5714285714,0.7561728395061729,1.0879629629629628,1,0.06687056513935657,1,-1.065013394576361
Dorian Finney-Smith,12939848,PF,29,BRK/DAL,66,30.4,8.3,1.5,4.8,2.1,9.2,13.2,-2.0,0.0,16.375822100445628,4174144.5161290322,0.6414294820155539,0.7109820764509753,1,0.09826380391440825,1,-1.0377246776533238
Kelly Olynyk,12804878,C,31,UTA,68,28.6,12.5,3.7,6.2,4.3,14.4,17.8,0.4,1.2,16.365336750042065,2416014.716981132,0.9761904799092971,1.1245714328555103,1,0.11032675232124323,1,-1.0325957205185634
Chris Boucher,12690000,PF,30,TOR,76,20.0,9.4,0.4,5.5,5.0,18.0,18.0,-0.1,0.7,16.356324839690572,2115000.0,0.7407407407407408,1.4184397163120568,1,0.08761320304162007,1,-1.1201076352825514
Robert Covington,12307692,PF,32,LAC,48,16.2,6.0,1.2,3.5,1.9,14.2,15.6,1.7,0.7,16.325734990736564,4244031.724137931,0.48750001218750033,1.1537500288437508,1,0.0936965218172166,1,-1.0938603545200654
Josh Richardson,12196094,SG,29,NOP/SAS,65,23.5,10.1,2.7,2.7,1.8,12.3,18.4,-1.2,0.3,16.316626294505646,4355747.857142857,0.8281339910958376,1.0085196129186935,1,0.11735386202257259,1,-0.9988346902725175
Ja Morant,12119440,PG,23,MEM,61,31.9,26.2,8.1,5.9,6.0,23.3,34.9,5.7,3.8,16.310321332917514,1731348.5714285714,2.1618160575076075,1.922531074043025,-1,-0.05924604627660024,1,-1.0775933407449425
Terrence Ross,11500000,SG,31,ORL/PHO,63,21.1,8.3,1.5,2.4,1.6,10.2,16.8,-2.1,0.0,16.25785759333348,4423076.923076923,0.7217391304347827,0.8869565217391304,1,0.1135300252456598,1,-1.0044398319670063
Reggie Jackson,11457217,PG,32,DEN/LAC,68,24.4,10.2,3.4,2.1,0.6,10.0,20.8,-3.9,-0.8,16.254130395082186,7160760.625,0.8902685530002616,0.8728123068630017,1,0.04072058257161115,1,-1.1611805210283337
Dillon Brooks,11400000,SF,27,MEM,73,30.3,14.3,2.6,3.3,1.6,9.4,21.8,-3.9,-1.1,16.249123913364723,4384615.384615384,1.2543859649122808,0.8245614035087719,1,0.05844067411051079,1,-1.0963126261762703
Dwight Powell,11080125,C,31,DAL,76,19.2,6.7,0.9,4.1,5.1,15.5,12.6,-1.2,0.3,16.220663520808223,1816413.9344262297,0.6046863189720333,1.3989011856815694,1,0.10012646499268696,1,-1.0552856912593775
Paolo Banchero,11055120,PF,20,ORL,72,33.8,20.0,3.7,6.9,2.4,14.9,27.5,-1.5,0.3,16.218404227031595,3251505.882352941,1.8091164998661253,1.3477917924002634,1,0.06590785498395851,1,-1.0934958215985164
RJ Barrett,10900634,SG,22,NYK,73,33.9,19.6,2.8,5.0,2.2,12.9,26.2,-3.1,-0.7,16.20433151064546,3406448.125,1.7980605531751641,1.1834174048958988,1,0.05708431158218136,1,-1.1463589775771208
Bobby Portis,10843350,PF,27,MIL,70,26.0,14.1,1.5,9.6,5.3,17.8,21.7,0.7,1.2,16.199062546822972,1721166.6666666667,1.3003361507283266,1.6415591122669657,1,0.06426236115833905,1,-1.0508324677971228
DeAndre Jordan,10733758,C,34,DEN,39,15.0,5.1,0.9,5.2,1.4,14.7,13.7,-1.8,0.0,16.188904286281236,4472399.166666667,0.4751364806249591,1.369511032389588,1,0.08855967353829741,1,-1.1075720349226192
Anthony Edwards,10733400,SG,21,MIN,79,36.0,24.6,4.4,5.8,3.8,17.4,29.9,1.0,2.1,16.18887093300736,2236125.0,2.291911230365029,1.6211079434289228,1,0.05436961561535664,1,-1.0440681393681661
Robert Williams,10714287,C,25,BOS,35,23.5,8.0,1.4,8.3,3.8,19.8,11.8,3.3,1.1,16.187088642445264,2232143.125,0.7466665770666774,1.8479997782400266,1,0.044729813360095516,1,-1.0906792385778172
Mo Bamba,10300000,C,24,LAL/ORL,49,15.7,6.6,0.9,4.6,2.2,15.7,16.6,0.5,0.5,16.147654453199863,3218750.0,0.6407766990291262,1.524271844660194,1,0.11265338590934859,1,-1.0768380751052218
Talen Horton-Tucker,10260000,SG,22,UTA,65,20.2,10.7,3.8,3.2,0.8,13.7,25.9,-1.6,0.2,16.1437633977069,5700000.0,1.0428849902534112,1.3352826510721247,1,0.08070220302153563,1,-1.1155605118771799
Ivica Zubac,10123457,C,25,LAC,76,28.6,10.8,1.0,9.9,6.7,16.7,14.8,-0.9,0.6,16.13036576428184,1314734.6753246754,1.0668292461754914,1.6496341121417317,1,0.05647930506733695,1,-1.0718992984408497
Reggie Bullock,10012800,SF,31,DAL,78,30.3,7.2,1.4,3.6,2.8,7.7,10.0,-2.6,-0.4,16.1193748324567,2634947.3684210526,0.7190795781399808,0.7690156599552572,1,0.07500400268483998,1,-1.099494005964399
Alec Burks,10012800,SG,31,DET,51,22.0,12.8,2.2,3.1,2.5,16.5,22.8,1.2,0.9,16.1193748324567,2860800.0,1.278363694471077,1.6478906999041227,1,0.1019634678212975,1,-1.0852470226018234
De'Andre Hunter,9835881,SF,25,ATL,67,31.7,15.4,1.4,4.2,2.5,11.5,19.7,-3.3,-0.7,16.101547583831046,2810251.714285714,1.5656960469529877,1.1691886064908674,1,0.09215645312188875,1,-1.0929590917133292
James Wiseman,9603360,C,21,GSW/DET,45,19.3,10.0,0.7,5.9,1.4,15.6,21.2,-3.5,-0.3,16.077623595202354,4001400.0,1.0413022108928542,1.6244314489928524,1,0.08572982573562588,1,-1.1358014550560322
Landry Shamet,9500000,SG,25,PHO,40,20.2,8.7,2.3,1.7,1.2,10.9,18.9,-1.4,0.1,16.06680235657077,4318181.818181817,0.9157894736842105,1.1473684210526316,1,0.10894146551241529,1,-0.9962797136941633
Malik Monk,9472219,SG,24,SAC,77,22.3,13.5,3.9,2.6,3.2,16.6,25.8,0.3,1.0,16.06387375661567,2255290.238095238,1.4252204261746904,1.7524932647777676,1,0.08911211364573746,1,-1.0827387440116178
Jalen Green,9441840,SG,20,HOU,76,34.2,22.1,3.7,3.7,1.8,14.5,28.1,-2.1,0.0,16.06066143438241,3372085.7142857146,2.3406454674088955,1.5357176143633022,1,0.05819717851177142,1,-1.0887594576180546
Jakob Poeltl,9398148,C,27,SAS/TOR,72,26.5,12.5,2.7,9.1,6.0,21.0,18.2,1.9,1.9,16.056023206552396,1342592.5714285714,1.3300492820500378,2.2344827938440637,1,0.057192247730623424,1,-1.029462148414809
Royce O'Neale,9200000,SF,29,BRK,76,31.7,8.8,3.7,5.1,2.9,9.2,13.6,-1.1,0.5,16.034714042019267,2358974.358974359,0.9565217391304349,1.0,1,0.09420554853005086,1,-1.0195931565460274
Monte Morris,9125000,PG,27,WAS,62,27.3,10.3,5.3,3.4,4.2,15.0,15.6,0.5,1.1,16.02652845743283,1754807.6923076923,1.1287671232876713,1.643835616438356,1,0.09991769150529672,1,-1.0681680675328618
Mason Plumlee,9080417,C,32,LAC/CHO,79,26.0,10.8,3.1,8.9,7.9,19.6,15.2,2.2,2.2,16.021630674633084,1020271.5730337078,1.1893726907035216,2.1584911794249098,1,0.04813490069814019,1,-1.0518795580539855
Alex Caruso,9030000,PG,28,CHI,67,23.5,5.6,2.9,2.9,3.6,11.5,11.1,1.1,1.2,16.016062925393168,1963043.4782608696,0.6201550387596899,1.2735326688815063,1,0.08534911554777541,1,-1.048046839988235
Maxi Kleber,9000000,PF,31,DAL,37,25.1,5.9,1.4,3.6,1.3,8.7,10.3,-2.2,0.0,16.012735135300492,3913043.47826087,0.6555555555555556,0.9666666666666666,1,0.09268378965133323,1,-1.05524718274801
Grayson Allen,8925000,SG,27,MIL,72,27.4,10.4,2.3,3.3,5.1,12.3,14.6,0.1,1.0,16.004366885629977,1463114.7540983607,1.1652661064425769,1.3781512605042017,1,0.11767057219056959,1,-0.9918857853186726
Darius Garland,8920794,PG,23,CLE,69,35.5,21.6,7.8,2.7,7.6,18.8,26.9,2.4,2.7,16.003895514047645,1037301.6279069767,2.421309134590486,2.107435728254682,1,0.009940017744589746,1,-1.1023588231032737
Isaiah Hartenstein,8854879,C,24,NYK,82,19.8,5.0,1.2,6.5,4.6,14.2,11.2,-0.3,0.7,15.996479164509436,1581228.392857143,0.5646604544229232,1.6036356905611018,1,0.08015363438980116,1,-1.1162455943168654
Kyle Anderson,8780488,PF,29,MIN,69,28.4,9.4,4.9,5.3,5.1,14.8,14.4,2.5,2.2,15.988042544932345,1439424.262295082,1.0705555317654327,1.6855555180987662,1,0.07635126419185578,1,-1.0712181155650646
Victor Oladipo,8750000,SG,30,MIA,42,26.3,10.7,3.5,3.0,0.6,10.6,21.1,-2.1,0.0,15.984564258333798,5468750.0,1.2228571428571429,1.2114285714285713,1,0.09783240778220698,1,-1.0447178222651952
LaMelo Ball,8623920,PG,21,CHO,36,35.2,23.3,8.4,6.4,1.8,17.9,30.0,2.4,1.4,15.970050295650042,3079971.4285714286,2.701787586155716,2.075622222840657,1,0.0004959241192834529,1,-1.2122776037589111
Seth Curry,8496653,SG,32,BRK,61,19.9,9.2,1.6,1.6,1.8,12.3,19.2,-2.1,0.0,15.955182879208984,3034518.9285714286,1.0827793014496412,1.447628848677238,1,0.1246454908668797,1,-0.9832361141358271
Evan Mobley,8478720,PF,21,CLE,79,34.4,16.2,2.8,9.0,8.5,17.9,20.2,1.7,2.5,15.953070052978758,892496.8421052631,1.9106657608695654,2.1111677234299515,1,0.02617408354567541,1,-1.047638574441764
De'Anthony Melton,8250000,SG,24,PHI,77,27.9,10.1,2.6,4.1,4.2,12.7,16.4,0.9,1.6,15.925723758310864,1586538.4615384615,1.2242424242424241,1.5393939393939393,1,0.11482022954988474,1,-1.0005093404419547
JaMychal Green,8200000,PF,32,GSW,57,14.0,6.4,0.9,3.6,2.2,15.5,17.5,-0.5,0.3,15.919644712234481,2562500.0,0.7804878048780489,1.8902439024390245,1,0.11953179016351423,1,-1.0059645257609853
Keegan Murray,8008440,SF,22,SAC,80,29.8,12.2,1.2,4.6,4.3,12.3,15.8,-0.6,0.8,15.896006543522715,1511026.4150943398,1.523392820574294,1.535879646972444,1,0.11492439019351919,1,-0.9942101947638748
Kevon Looney,8000000,C,26,GSW,82,23.9,7.0,2.5,9.3,8.7,17.8,10.6,2.1,2.0,15.89495209964411,824742.2680412371,0.875,2.225,1,0.004402402603916666,1,-1.084734152780473
Thaddeus Young,8000000,PF,34,TOR,54,14.7,4.4,1.4,3.1,1.8,14.1,13.5,0.1,0.4,15.89495209964411,2857142.8571428573,0.55,1.7625,1,0.10769105465159157,1,-1.0098534121836145
Delon Wright,7804878,PG,30,WAS,50,24.4,7.4,3.9,3.6,3.7,16.3,12.9,3.4,1.7,15.870259480803739,1660612.3404255318,0.9481250059257813,2.0884375130527344,1,0.06804904527820982,1,-1.1846758052867812
Patrick Williams,7775400,PF,21,CHI,82,28.3,10.2,1.2,4.0,3.5,11.2,15.7,-1.3,0.4,15.86647546165156,1727866.6666666667,1.3118296164827532,1.4404403631967486,1,0.12224908452552458,1,-0.9832841509107496
Scottie Barnes,7644600,SF,21,TOR,77,34.8,15.3,4.8,6.6,5.0,15.5,20.3,0.4,1.6,15.849510074197527,1274100.0,2.0014127619496116,2.02757502027575,1,0.08433036069862915,1,-1.025236201108096
Cedi Osman,7426088,SF,27,CLE,77,20.1,8.7,1.5,2.3,3.3,12.0,18.2,-0.7,0.5,15.820509763904807,1726997.2093023257,1.1715455028273296,1.6159248314859722,1,0.1258013876189707,1,-0.9704630813257744
Coby White,7413955,SG,22,CHI,74,23.4,9.7,2.8,2.9,3.1,12.5,17.9,-0.8,0.5,15.818874593076337,1808281.7073170734,1.3083435224519167,1.686009693881336,1,0.12756577969522565,1,-0.9741424786445012
Zach Collins,7350000,C,25,SAS,63,22.9,11.6,2.9,6.4,2.2,16.4,21.2,-0.2,0.6,15.81021087118902,2296875.0,1.5782312925170068,2.2312925170068025,1,0.10595759764181961,1,-1.1157083846111038
Jaden Ivey,7252200,SG,20,DET,74,31.1,16.3,5.2,3.9,0.0,12.1,25.4,-3.3,-0.7,15.796815429075604,7252200.0,2.2475938335953227,1.668459226165853,1,0.014925672594702899,1,-1.1767104568029176
Taurean Prince,7100000,PF,28,MIN,54,22.1,9.1,1.6,2.4,1.3,10.0,17.3,-3.3,-0.4,15.775605342011543,3086956.521739131,1.2816901408450705,1.4084507042253522,1,0.11485685949687752,1,-0.9801541996347962
Jae'Sean Tate,7065217,SF,27,HOU,31,21.8,9.1,2.7,3.8,0.7,12.2,18.8,-3.5,-0.3,15.7706942884203,4156010.0,1.2880000713353885,1.7267693264056858,1,0.10417802361338774,1,-1.0077402265103186
Isaac Okoro,7040880,SF,22,CLE,76,21.7,6.4,1.1,2.5,4.2,10.7,11.9,-0.3,0.7,15.767243720322377,1354015.3846153845,0.908977286930043,1.5196964015861654,1,0.1028523326077388,1,-0.9935019796355412
Jalen Suggs,6922320,SG,21,ORL,53,23.5,9.9,2.9,3.0,1.4,12.5,20.3,-1.0,0.3,15.750261531522344,2884300.0,1.4301563637624382,1.805752984548533,1,0.12322893905116433,1,-0.9995806749050008
Jaxson Hayes,6803012,C,22,NOP,47,13.0,5.0,0.7,2.8,1.5,13.7,15.7,-1.2,0.1,15.732876013253321,2721204.8,0.7349685698040809,2.0138138812631814,1,0.11084480202926766,1,-0.9926557627671514
Bennedict Mathurin,6586800,SG,20,IND,78,28.5,16.7,1.5,4.1,1.8,13.1,24.6,-3.7,-1.0,15.70057820432598,2352428.5714285714,2.5353737778587475,1.9888261371227303,1,0.05318665166305525,-1,-1.2406777565625413
Bruce Brown,6479000,SF,26,DEN,80,28.5,11.5,3.4,4.1,4.3,13.3,17.8,-0.5,0.9,15.684076735432095,1222452.8301886793,1.7749652724185832,2.0527859237536656,1,0.1083416274140348,1,-0.9936543372526085
Caleb Martin,6479000,SF,27,MIA,71,29.3,9.6,1.6,4.8,3.7,11.4,14.4,-1.2,0.4,15.684076735432095,1378510.6382978724,1.4817101404537736,1.7595307917888563,1,0.11855659858658246,1,-0.986804354548825
Joe Ingles,6479000,SF,35,MIL,46,22.7,6.9,3.3,2.8,2.3,10.7,12.6,-0.7,0.3,15.684076735432095,1963333.3333333335,1.0649791634511498,1.6514894273807685,1,0.11065822317455615,1,-0.9999571189065817
Onyeka Okongwu,6395160,C,22,ATL,80,23.1,9.9,1.0,7.2,7.1,19.4,15.1,0.8,1.3,15.671052012228618,789525.925925926,1.5480457095678608,3.03354411773904,1,0.059636311681630694,1,-1.0601014718454465
Josh Giddey,6287400,PF,20,OKC,76,31.1,16.6,6.2,7.9,4.0,17.1,24.6,1.2,1.9,15.654058188691089,1257480.0,2.6402010369946245,2.7197251646149443,1,0.03878772827995686,1,-1.1264770623850997
Rui Hachimura,6263188,PF,24,LAL/WAS,63,23.3,11.2,0.9,4.5,1.8,13.2,20.2,-2.2,-0.1,15.6501998786205,2236852.8571428573,1.7882266986078015,2.107552894787766,1,0.11726153174189669,1,-1.0335776929035965
Rudy Gay,6184500,PF,36,UTA,56,14.6,5.2,1.0,2.9,0.3,9.0,17.7,-4.0,-0.4,15.637556719797201,4757307.692307692,0.8408117066860701,1.4552510308028135,1,0.08281906450358761,1,-1.0224749738008962
Jevon Carter,6025000,PG,27,MIL,81,22.3,8.0,2.4,2.5,3.5,10.9,15.3,-0.6,0.6,15.611428037340993,1338888.888888889,1.3278008298755186,1.8091286307053942,1,0.11888752075927767,1,-0.983354802406363
Shaedon Sharpe,6012960,SG,19,POR,80,22.2,9.9,1.2,3.0,1.2,11.5,19.0,-3.3,-0.6,15.609427697746128,2733163.6363636362,1.6464436816476413,1.9125355897927145,1,0.11414496168989469,1,-0.9845638098784242
Cameron Payne,6000000,PG,28,PHO,48,20.2,10.3,4.5,2.2,1.1,13.2,24.8,-1.2,0.2,15.60727002719233,2857142.857142857,1.7166666666666668,2.1999999999999997,1,0.08338037547108335,1,-1.2032667969517947
Justin Holiday,5987975,SF,33,DAL/ATL,46,15.3,4.5,0.9,1.2,0.1,6.6,14.1,-3.9,-0.3,15.605263849496241,5443613.636363636,0.7515061435627237,1.1022090105586613,1,0.03334705573978752,1,-1.1567794366069726
Cam Reddish,5954454,SF,23,NYK/POR,40,24.8,9.7,1.4,2.2,0.9,10.6,17.1,-3.4,-0.4,15.599650068910536,3133923.157894737,1.6290326535396862,1.7801800131464613,1,0.12041420217632998,1,-0.9734256048752308
Cameron Johnson,5887899,PF,26,BRK/PHO,42,28.5,15.5,1.9,4.4,3.5,17.1,20.6,2.6,1.4,15.588409785711116,1308422.0,2.6325179830700223,2.9042617748707986,1,0.0794520124421152,1,-1.0602206307384308
Ricky Rubio,5853659,PG,32,CLE,33,17.2,5.2,3.5,2.1,0.7,10.4,17.7,-2.8,-0.1,15.582577493768621,3443328.823529412,0.88833326300695,1.7766665260139,1,0.09247309037768037,1,-0.9954491127286966
Killian Hayes,5837760,PG,21,DET,76,28.3,10.3,6.2,2.9,-0.5,10.2,20.5,-3.8,-1.0,15.579857719581991,3891840.0,1.7643753768568766,1.7472455188291398,1,0.029252695486478297,-1,-1.413793400471262
Jonathan Kuminga,5739840,PF,20,GSW,67,20.8,9.9,1.9,3.4,2.4,13.3,19.6,-1.7,0.1,15.562941893342787,1688188.2352941176,1.7247867536377322,2.3171377599375593,1,0.12922410016293961,1,-0.9727942851358158
Pat Connaughton,5728393,SF,30,MIL,61,23.7,7.6,1.3,4.6,2.5,10.0,13.8,-1.0,0.3,15.560945595604233,1636683.7142857143,1.3267246154375232,1.7456902834704253,1,0.118374062561456,1,-1.0022490508035216
Tyler Herro,5722116,SG,23,MIA,67,34.9,20.1,4.2,5.4,3.5,15.3,25.6,0.6,1.6,15.559849225018652,1271581.3333333333,3.51268656559916,2.6738360424710024,1,0.058160769769347864,1,-1.1024518443390723
Romeo Langford,5634257,SG,23,SAS,43,19.6,6.9,1.2,2.7,0.5,10.4,15.4,-4.2,-0.5,15.544375842281525,3756171.3333333335,1.2246512716761058,1.8458511920915217,1,0.10734129567582651,1,-0.9928604178038658
Dyson Daniels,5508600,PG,19,NOP,59,17.7,3.8,2.3,3.2,1.3,8.8,11.6,-1.8,0.0,15.521821065359847,2395043.4782608696,0.6898304469375158,1.5975020876447736,1,0.10037929590670785,1,-1.0393956069855865
Obi Toppin,5348280,PF,24,NYK,67,15.7,7.4,1.0,2.8,2.1,13.6,19.5,-0.5,0.4,15.492285571854385,1725251.6129032257,1.3836223982289635,2.542873596745122,1,0.12239269998227209,1,-0.9781098364865999
Franz Wagner,5258280,SF,21,ORL,80,32.6,18.6,3.5,4.1,5.4,15.9,23.5,-0.1,1.3,15.47531453504126,821606.25,3.5372783495743856,3.0238024601200393,1,0.06494812625998725,1,-1.1196707086772122
Kendrick Nunn,5250000,SG,27,LAL/WAS,70,13.8,7.1,1.3,1.6,0.2,11.1,23.7,-3.5,-0.4,15.473738634567807,4375000.0,1.3523809523809522,2.1142857142857143,1,0.08470811480408125,1,-1.0590072129103558
Hamidou Diallo,5200000,SF,24,DET,56,17.8,9.3,1.0,3.5,1.3,15.7,21.8,-1.4,0.1,15.464169183551656,2260869.5652173916,1.7884615384615385,3.019230769230769,1,0.11476561502958721,1,-1.0359375911639486
Cory Joseph,5155500,PG,31,DET,62,19.8,6.9,3.5,1.7,1.8,12.1,15.2,-1.5,0.2,15.455574663940135,1841250.0000000002,1.3383764911259821,2.3470080496557073,1,0.11053643273216612,1,-1.0278079118410863
Torrey Craig,5121951,PF,32,PHO,79,24.7,7.4,1.5,5.4,4.0,11.6,13.0,-0.6,0.7,15.44904597912029,1024390.2,1.444761966680275,2.2647620018231334,1,0.10793502698435042,1,-1.017572929942929
Jeremy Sochan,5063520,PF,19,SAS,56,26.0,11.0,2.5,5.3,0.2,11.4,19.8,-4.0,-0.7,15.437572451583746,4219600.0,2.172401807438304,2.2513982367996968,1,0.07719793128173985,1,-1.1280241337328607
Nickeil Alexander-Walker,5009633,SG,24,MIN/UTA,59,15.0,6.2,1.8,1.7,1.1,11.6,17.9,-0.9,0.2,15.426873216884866,2385539.523809524,1.2376156097662245,2.31553888278842,1,0.11838187806584216,1,-0.9768645014180628
Deni Avdija,4916160,SF,22,WAS,76,26.6,9.2,2.8,6.4,2.3,11.2,16.7,-2.3,-0.1,15.408038295924433,1489745.4545454546,1.8713792878994988,2.2782008722254767,1,0.10819976520202412,1,-1.067034054019485
Davion Mitchell,4833600,PG,24,SAC,80,18.1,5.6,2.3,1.3,1.5,9.4,14.1,-2.8,-0.3,15.391102089614545,1933440.0,1.1585567692816947,1.9447202912942736,1,0.0993928649873666,1,-0.9820989068668616
Ty Jerome,4728948,SG,25,GSW,45,18.1,6.9,3.0,1.7,2.1,12.8,14.9,-0.8,0.3,15.369213325583319,1525467.0967741935,1.4590983026246007,2.706733083129694,1,0.11690061610455493,1,-0.999321080918952
Jalen Smith,4670160,C,22,IND,68,18.8,9.4,1.0,5.8,2.3,15.9,21.0,-2.1,0.0,15.356703890300148,1415200.0,2.012779005430221,3.4045942751426077,1,0.10997781939115248,1,-1.0962167761623614
Ziaire Williams,4591680,SF,21,MEM,37,15.2,5.7,0.9,2.1,0.1,7.4,18.0,-5.6,-0.5,15.339756528142178,4174254.545454545,1.2413757056240853,1.611610565196181,1,0.06755009433099862,1,-1.0786617329220305
Ousmane Dieng,4569840,PF,19,OKC,39,14.6,4.9,1.2,2.7,0.4,9.3,15.9,-3.6,-0.2,15.33498875131657,3264171.4285714286,1.0722476060431,2.035082191061394,1,0.10242187621220994,1,-0.9933728826191084
Jeff Green,4500000,PF,36,DEN,56,19.5,7.8,1.2,2.6,1.7,11.0,17.0,-3.4,-0.4,15.319587954740548,1666666.6666666665,1.7333333333333334,2.4444444444444446,1,0.12516876946225308,1,-0.9606916162559758
Donte DiVincenzo,4500000,SG,26,GSW,72,26.3,9.4,3.5,4.5,4.2,12.8,15.1,0.7,1.3,15.319587954740548,865384.6153846154,2.088888888888889,2.8444444444444446,1,0.09877938887326088,1,-1.045096100202699
Devin Vassell,4437000,SG,22,SAS,38,31.0,18.5,3.6,3.9,1.2,15.5,24.4,0.4,0.7,15.305489030361047,2016818.1818181816,4.169483885508226,3.493351363533919,1,0.05543538576597945,1,-1.197994594205305
Matisse Thybulle,4379526,SF-SG,25,PHI/POR,71,16.9,4.1,0.7,2.0,2.1,10.5,10.6,-0.5,0.4,15.292451057318429,1412750.322580645,0.936174371381743,2.3975197315873906,1,0.09262027001438328,1,-1.004018650864001
Jarred Vanderbilt,4374000,PF,23,LAL/UTA,78,24.1,7.9,2.4,7.5,5.2,15.1,13.6,1.1,1.5,15.29118848021885,705483.8709677419,1.8061271147690903,3.452217649748514,1,0.0769089104715534,1,-1.106678735465928
James Bouknight,4362240,SG,22,CHO,34,15.1,5.6,1.2,2.1,-0.4,6.2,19.5,-6.5,-0.6,15.28849624486287,3115885.7142857146,1.283744131455399,1.4212881455399062,1,0.045952254474298515,1,-1.1510615851621946
Brandon Clarke,4343919,PF,26,MEM,56,19.5,10.0,1.3,5.5,4.5,20.0,17.7,2.5,1.3,15.284287494013222,789803.4545454546,2.302068708003073,4.604137416006146,1,0.06757580916214334,1,-1.138716153360068
Jalen Williams,4341480,SG,21,OKC,75,30.3,14.1,3.3,4.5,5.6,15.6,18.4,0.3,1.3,15.283725861769474,657800.0,3.2477404018905998,3.5932446999640675,1,0.08399786585818231,1,-1.09990134527539
Grant Williams,4306281,PF,24,BOS,79,25.9,8.1,1.7,4.6,4.4,10.3,13.1,-1.1,0.5,15.275585212557091,797459.4444444444,1.8809733967662583,2.391855060085489,1,0.10440494864115563,1,-1.028670399104151
Darius Bazley,4264628,C,22,OKC/PHO,43,14.3,5.2,0.9,3.2,1.0,13.1,16.4,-1.0,0.2,15.265865513532969,2132314.0,1.219332612363845,3.0717802349935326,1,0.11681490065184846,1,-0.9833010158005806
Tyrese Haliburton,4215120,PG,22,IND,56,33.6,20.7,10.4,3.7,7.6,23.6,23.8,7.2,4.4,15.254188618763727,490130.23255813954,4.910892216591699,5.598891609254304,-1,-0.11355193161293098,-1,-1.6104298676542292
Nassir Little,4171548,SF,22,POR,54,18.1,6.6,0.9,2.6,0.7,10.2,16.0,-3.0,-0.3,15.24379774791035,2453851.7647058824,1.5821464837513557,2.445135474888459,1,0.12236330934974521,1,-0.9600133738490844
Jalen Duren,4124280,C,19,DET,67,24.9,9.1,1.1,8.9,4.5,17.3,14.3,-0.8,0.5,15.232402017061542,749869.0909090909,2.2064457311336767,4.194671554792595,1,0.061948370584072265,1,-1.1312344545594384
Justise Winslow,4097561,PF,26,POR,29,26.8,6.8,3.4,5.0,0.4,9.3,14.2,-2.8,-0.2,15.225902476615607,2926829.285714286,1.6595237996456917,2.2696428436330787,1,0.08865550788449666,1,-1.150200919236032
George Hill,4000000,PG-SG,36,MIL/IND,46,18.1,5.0,2.4,1.8,1.9,10.6,11.3,-1.5,0.1,15.201804919084164,1379310.3448275863,1.25,2.65,1,0.11064361858509614,1,-1.0092078058842078
Terence Davis,4000000,SG,25,SAC,64,13.1,6.7,1.0,2.2,0.9,12.9,22.2,-1.5,0.1,15.201804919084164,2105263.157894737,1.675,3.225,1,0.11303674443286393,1,-0.9954832806566449
Chris Duarte,3936960,SF,25,IND,46,19.5,7.9,1.4,2.5,0.0,8.6,19.0,-4.5,-0.6,15.185919409853941,3936960.0,2.006624400552711,2.1844265626270016,1,0.0920989445164283,1,-0.9992644618523941
Ochai Agbaji,3918360,SG,22,UTA,59,20.5,7.9,1.1,2.1,1.3,9.5,15.8,-3.0,-0.3,15.18118375687967,1703634.7826086958,2.0161496136138592,2.424483712573628,1,0.11881409848611024,1,-0.9651370368521803
Jordan Poole,3901399,PG,23,GSW,82,30.0,20.4,4.5,2.7,3.2,14.6,29.2,-1.9,0.1,15.176845764724693,928904.5238095238,5.228893532807077,3.7422473323031045,1,0.013335316465891867,-1,-1.2640189980022867
Keldon Johnson,3873024,SF,23,SAS,63,32.7,22.0,2.9,5.0,1.3,15.3,27.9,-1.8,0.1,15.169546155224397,1683923.4782608696,5.680315949500958,3.950401546698394,1,0.020491568856665143,-1,-1.2976174290578197
Aaron Nesmith,3804360,SF,23,IND,73,24.9,10.1,1.3,3.8,2.0,10.5,16.8,-3.0,-0.4,15.151658335393574,1268120.0,2.6548486473414714,2.7599911680282623,1,0.11663146665229795,1,-0.9768268849434694
Moses Moody,3740160,SG,20,GSW,63,13.0,4.8,0.8,1.7,1.3,10.3,14.6,-2.6,-0.1,15.134638949224307,1626156.5217391306,1.2833675564681724,2.7538928815879538,1,0.11497616233129204,1,-0.9638269118548394
Mark Williams,3722040,C,21,CHO,43,19.3,9.0,0.4,7.1,2.8,19.8,17.0,0.1,0.4,15.129782463036848,979484.2105263158,2.4180288229035694,5.319663410387852,1,0.06438069194994439,1,-1.1219421089652903
Cole Anthony,3613680,PG,22,ORL,60,25.9,13.0,3.9,4.8,3.7,16.0,21.5,1.3,1.3,15.100237201665035,768868.085106383,3.59744083593456,4.427619490380996,1,0.07725599099652453,1,-1.1516084635843622
Corey Kispert,3552840,SF,23,WAS,74,28.3,11.1,1.2,2.8,3.8,11.5,14.1,-1.5,0.2,15.083257841622164,740175.0,3.124261154456716,3.236847142004706,1,0.10423054208290589,1,-1.057255769585315
AJ Griffin,3536160,SF,19,ATL,72,19.5,8.9,1.0,2.1,2.2,12.6,17.9,-0.8,0.4,15.07855195058475,1105050.0,2.5168544409755214,3.5631871861001763,1,0.120397287784202,1,-0.9871006145548155
Mike Muscala,3500000,C,31,BOS/OKC,63,15.0,6.1,0.8,3.2,2.5,13.0,15.1,-0.4,0.4,15.068273526459642,1000000.0,1.7428571428571427,3.7142857142857144,1,0.12283916454091215,1,-0.9853179026345413
Georges Niang,3465000,PF,29,PHI,78,19.4,8.2,1.0,2.4,2.5,10.9,17.0,-1.4,0.2,15.05822319060614,990000.0,2.3665223665223665,3.145743145743146,1,0.12556627237000478,1,-0.9603162077251151
Isaiah Stewart,3433320,C,21,DET,50,28.3,11.3,1.4,8.1,2.0,13.1,17.3,-2.1,0.0,15.049038281029068,1144440.0,3.2912749175724954,3.81554879824776,1,0.0763314845949375,1,-1.2237929697107177
Chuma Okeke,3433320,SF,24,ORL,27,19.2,4.7,1.4,3.6,0.7,9.1,12.3,-1.6,0.1,15.049038281029068,2019600.0,1.3689373550965247,2.6504957300805048,1,0.11059859881605799,1,-0.9873542415743642
Amir Coffey,3395062,SF,25,LAC,50,12.5,3.4,1.1,1.1,0.4,7.0,13.5,-5.0,-0.5,15.037832580958403,2425044.285714286,1.0014544653381883,2.0618180168727407,1,0.0547479878022466,1,-1.0413409649852843
Tari Eason,3359160,PF,21,HOU,82,21.5,9.3,1.1,6.0,2.6,15.2,19.3,-1.7,0.1,15.027201500684178,933100.0,2.7685492801771874,4.524940758999273,1,0.10710259395230842,1,-1.0638035573614888
Aleksej Pokusevski,3261480,PF,21,OKC,34,20.6,8.1,1.9,4.7,1.0,13.4,18.3,0.0,0.3,14.997691638051702,1630740.0,2.483535082232606,4.1085642101132,1,0.11045638001615793,1,-1.0102886281691474
Simone Fontecchio,3205128,SF,27,UTA,52,14.7,6.3,0.8,1.7,-0.1,8.0,20.2,-5.2,-0.6,14.980262585136927,2913752.727272727,1.965600125798408,2.49600015974401,1,0.07950397368960377,1,-1.0310397187759406
Andre Drummond,3200000,C,29,CHI,67,12.7,6.0,0.5,6.6,2.8,20.8,21.0,-0.8,0.3,14.978661367769956,842105.2631578947,1.875,6.5,1,0.05431017249486664,1,-1.1865919252485988
Josh Green,3098400,SG,22,DAL,60,25.7,9.1,1.7,3.0,2.6,11.2,14.6,-2.4,-0.2,14.946396407182679,860666.6666666666,2.9369997418022207,3.614768912987348,1,0.11831598352738076,1,-0.9731279391135388
Tre Mann,3046200,PG,21,OKC,67,17.7,7.7,1.8,2.3,0.5,10.0,20.7,-3.9,-0.6,14.929405470163541,2030800.0,2.5277394786947673,3.2827785437594383,1,0.09932370499198867,1,-1.0035783083478163
Kevin Knox,3000000,SF-PF,23,DET/POR,63,15.1,6.6,0.5,2.8,0.7,11.1,18.4,-3.5,-0.4,14.914122846632385,1764705.8823529412,2.1999999999999997,3.6999999999999997,1,0.10306121246275779,1,-0.9766948706074675
Saddiq Bey,2959080,SF,23,DET/ATL,77,27.6,13.8,1.5,4.7,3.9,14.6,20.2,-0.3,0.9,14.900388967177742,603893.8775510204,4.663611663084472,4.933965962393716,1,0.0822767119789618,1,-1.0601093794462049
Malaki Branham,2925600,SG,19,SAS,66,23.5,10.2,1.9,2.7,-0.1,9.5,19.1,-5.2,-1.3,14.88901014581731,2659636.3636363633,3.4864643150123045,3.2471971561389115,1,0.04404269638513619,1,-1.1498200039954636
Kai Jones,2909040,C,22,CHO,46,12.0,3.4,0.3,2.7,0.7,10.8,12.4,-4.0,-0.3,14.883333687812502,1711200.0,1.168770453482936,3.7125649698869734,1,0.08065564145329285,1,-0.9774352843932442
Blake Griffin,2905851,C,33,BOS,41,13.9,4.1,1.5,3.8,1.8,13.1,12.7,0.1,0.3,14.882236848570043,1037803.9285714286,1.4109463974580938,4.508145806512446,1,0.10704625919111138,1,-1.0112712380445312
Wesley Matthews,2905851,SF,36,MIL,52,15.8,3.4,0.7,2.2,1.2,7.0,9.8,-2.7,-0.1,14.882236848570043,1320841.3636363635,1.1700531100871998,2.408932873708941,1,0.07896569161515155,1,-1.0194839123040966
Austin Rivers,2905851,SG,30,MIN,52,19.5,4.9,1.4,1.6,1.3,7.4,10.5,-2.8,-0.2,14.882236848570043,1263413.4782608696,1.6862530115962588,2.5465861807780232,1,0.0966284275933933,1,-0.9948356668283524
Bismack Biyombo,2905851,C,30,PHO,61,14.3,4.3,0.9,4.3,1.9,14.4,14.0,-0.9,0.2,14.882236848570043,1002017.5862068966,1.479773050992635,4.955519054486964,1,0.10523132447644123,1,-1.006055672020911
Precious Achiuwa,2840160,C,23,TOR,55,20.7,9.2,0.9,6.0,2.2,15.2,19.4,-2.3,-0.1,14.85937094657863,887550.0,3.2392541265280825,5.351811165568137,1,0.09826485619823055,1,-1.058879317531392
Christian Braun,2808600,SG,21,DEN,76,15.5,4.7,0.8,2.4,1.9,10.3,13.0,-2.4,-0.1,14.848196696516217,968482.7586206897,1.673431602933846,3.6673075553656624,1,0.11806802227951846,1,-0.9798239144360907
Jordan Nwora,2800000,SF,24,MIL/IND,62,19.2,8.7,1.4,3.7,1.5,12.2,19.4,-2.1,0.0,14.845129975145433,1120000.0,3.107142857142857,4.357142857142857,1,0.12015150021047982,1,-0.9972330943899061
Jalen Johnson,2792640,SF,21,ATL,70,14.9,5.6,1.2,4.0,2.1,14.1,16.0,0.3,0.6,14.842497942957083,900851.6129032258,2.0052709980520222,5.048985905809556,1,0.1065519181220001,1,-0.9970223731829824
Tyrese Maxey,2726880,SG,22,PHI,60,33.6,20.3,3.5,2.9,5.4,17.0,24.1,0.6,1.3,14.818668656459064,426075.0,7.444405327700522,6.234231062606349,-1,-0.005008651946976861,-1,-1.2839462351928044
Walker Kessler,2696400,C,21,UTA,74,23.0,9.2,0.9,8.4,7.1,21.5,13.3,2.9,2.1,14.807428107961421,332888.8888888889,3.41195668298472,7.973594422192552,-1,-0.031743567409962536,-1,-1.3347970715780222
Charles Bassey,2674742,C,22,SAS,35,14.5,5.7,1.3,5.5,1.3,18.8,15.6,0.6,0.3,14.799363485062647,1162931.3043478262,2.1310466579580387,7.0287152929142325,1,0.08119178589574488,1,-1.0770226590773546
Trey Lyles,2625000,PF,27,SAC,74,16.9,7.6,0.9,4.1,2.6,14.2,18.1,-1.0,0.3,14.780591454007862,729166.6666666666,2.895238095238095,5.409523809523809,1,0.11570050855592962,1,-0.9824492484769836
Zeke Nnaji,2617800,PF,22,DEN,53,13.7,5.2,0.3,2.6,1.6,12.5,15.2,-3.7,-0.3,14.777844828339756,1006846.1538461538,1.986400794560318,4.775001910000764,1,0.09325429805839808,1,-0.9625952463563021
David Roddy,2588640,PF,21,MEM,70,18.0,6.7,0.8,2.8,1.1,8.8,16.7,-3.9,-0.6,14.766643199239164,1232685.7142857143,2.588231658322517,3.399468446751963,1,0.1037770463422063,1,-0.971041009742007
Isaiah Jackson,2573760,C,21,IND,63,16.5,7.2,0.8,4.5,2.7,17.5,17.4,-0.8,0.3,14.760878422697841,695610.8108108108,2.7974636329727716,6.799390774586597,1,0.10014930096744629,1,-1.0269563410313003
MarJon Beauchamp,2485200,SF,22,MIL,52,13.5,5.1,0.7,2.2,0.4,8.2,18.3,-4.8,-0.5,14.725863697171675,1775142.8571428573,2.0521487204249156,3.299533236761629,1,0.0949545045481821,1,-1.0008736239215683
Usman Garuba,2471160,C,20,HOU,75,12.9,3.0,0.9,4.1,1.8,12.9,10.5,-1.4,0.2,14.720198233987395,882557.142857143,1.214004758898655,5.220220463264217,1,0.09016810671552239,1,-1.0461529909617329
Raul Neto,2463490,PG,30,CLE,48,10.5,3.3,1.6,1.0,1.5,12.6,13.2,-0.2,0.2,14.717089601692644,985396.0,1.3395629777267208,5.114695005865662,1,0.08382035595836668,1,-1.0280109854097508
Montrezl Harrell,2463490,C,29,PHI,57,11.9,5.6,0.6,2.8,2.2,17.6,18.9,-1.3,0.1,14.717089601692644,769840.625,2.2731977803847383,7.144335881209179,1,0.08672430310447282,1,-1.079747003232875
Blake Wesley,2385480,SG,19,SAS,37,18.1,5.0,2.7,2.2,-1.6,3.5,18.5,-9.6,-1.3,14.684910919916568,917492.3076923076,2.0960142193604643,1.467209953552325,-1,-0.03263773167984141,-1,-1.7252083847951465
Josh Christopher,2372160,SG,21,HOU,64,12.3,5.8,1.1,1.1,0.0,11.5,21.9,-4.3,-0.5,14.679311490450493,2372160.0,2.4450290031026576,4.847902333738028,1,0.06406034033813407,1,-1.1205056519498324
Lindy Waters III,2316876,SG,25,OKC,41,13.0,5.2,0.7,1.8,1.1,11.8,15.5,0.1,0.3,14.655730284502903,1103274.2857142857,2.2444015130719124,5.093064971970878,1,0.10041822380498233,1,-1.0023474098948493
Immanuel Quickley,2316240,SG,23,NYK,81,28.9,14.9,3.4,4.2,6.7,16.3,20.9,1.7,2.1,14.655455739249128,300810.3896103896,6.432839429420095,7.037267295271647,1,0.014669894123956195,-1,-1.2649392697405426
John Konchar,2300000,SF,26,MEM,72,20.8,5.1,1.4,4.3,3.5,10.8,10.4,0.5,0.9,14.648419680899378,511111.1111111111,2.217391304347826,4.695652173913044,1,0.0858498689371463,1,-1.084013260150915
Rodney McGruder,2298385,SG,31,DET,32,16.4,5.7,0.9,2.3,0.7,10.7,14.0,-1.5,0.1,14.64771726034677,1351991.1764705882,2.4800022624582043,4.655442843561892,1,0.11260737175522434,1,-0.9841858873309095
Quentin Grimes,2277000,SG,22,NYK,71,29.9,11.3,2.1,3.2,4.8,11.7,14.4,-0.1,1.0,14.638369345045877,392586.2068965517,4.962670180061484,5.138339920948616,1,0.07666582226109814,1,-1.0771885011781506
Andrew Nembhard,2244111,SG,23,IND,75,27.6,9.5,4.5,2.7,1.2,10.0,16.1,-3.2,-0.6,14.623820009642001,1020050.4545454545,4.233302185141466,4.456107563306806,1,0.05670880203433465,-1,-1.2704016457061476
Payton Pritchard,2239200,PG,25,BOS,48,13.4,5.6,1.3,1.8,0.6,10.3,19.8,-3.4,-0.2,14.621629217183381,1399500.0,2.500893176134334,4.5998570918185075,1,0.10504020464767355,1,-0.999118964249908
Bones Hyland,2201520,PG,22,DEN/LAC,56,19.4,11.8,3.1,2.4,1.4,14.9,28.0,-0.8,0.3,14.604658588851647,917300.0,5.359933137105274,6.768051164649878,1,0.04455208683951717,1,-1.2262680147729395
Bol Bol,2200000,PF,23,ORL,70,21.5,9.1,1.0,5.8,2.3,14.4,18.2,-0.9,0.4,14.603967918328545,666666.6666666667,4.136363636363636,6.545454545454545,1,0.09936618680432358,1,-0.9909734832546869
Jaden McDaniels,2161440,SF,22,MIN,79,30.6,12.1,1.9,3.9,4.4,12.0,15.8,-1.2,0.5,14.586285224203507,400266.6666666666,5.59811977200385,5.551854319342661,1,0.06939448248047092,1,-1.0358598936732109
Jordan McLaughlin,2160000,PG,26,MIN,43,15.8,3.7,3.4,1.4,1.3,11.8,11.7,-0.7,0.2,14.585618779660347,939130.4347826088,1.712962962962963,5.462962962962963,1,0.07282162028821293,1,-1.1694777961357437
Malachi Flynn,2145720,PG,24,TOR,53,13.0,4.6,1.3,1.4,0.5,8.7,17.4,-4.1,-0.4,14.578985718357249,1430480.0,2.14380254646459,4.054583077009116,1,0.08899459825943778,1,-0.9967658765695611
Cam Thomas,2138160,SG,21,BRK,57,16.6,10.6,1.4,1.7,1.0,14.7,27.8,-2.7,-0.2,14.575456204062634,1069080.0,4.957533580274628,6.875070153777079,1,0.04842780371149408,-1,-1.3720375795652668
Luke Kornet,2133278,C,27,BOS,69,11.7,3.8,0.8,2.9,3.3,16.7,11.5,1.0,0.6,14.573170321825408,496111.1627906977,1.781296202370249,7.828328047258727,1,0.06534283594604684,1,-1.1009626708032614
Damion Lee,2133278,SG,30,PHO,74,20.4,8.2,1.3,3.0,2.6,10.7,16.3,-1.7,0.1,14.573170321825408,592577.2222222222,3.84384969985159,5.015755096147807,1,0.1160848004494664,1,-0.9866576746229399
Juan Toscano-Anderson,2133278,SF,29,LAL/UTA,52,13.5,3.0,1.3,2.4,0.5,7.2,11.3,-3.8,-0.3,14.573170321825408,1422185.3333333333,1.4062864755554598,3.375087541333104,1,0.08149090388372127,1,-1.0089854627222807
Desmond Bane,2130240,SG,24,MEM,58,31.7,21.5,4.4,5.0,5.8,19.1,26.1,3.5,2.5,14.571745207394477,313270.5882352941,10.09275950127685,8.966125882529669,-1,-0.06654381710645407,-1,-1.8509947660397752
Day'Ron Sharpe,2109480,C,21,BRK,48,11.5,4.7,0.8,4.2,1.6,17.8,19.0,-2.3,0.0,14.561952029581937,811338.4615384615,2.228037241405465,8.43809848872708,1,0.07426095260505244,1,-1.0794320143730578
Frank Ntilikina,2036318,SG,24,DAL,47,12.9,2.9,1.2,1.3,-0.1,5.2,13.1,-6.7,-0.7,14.526653833061488,1851198.1818181816,1.4241390588306932,2.553628657213657,1,0.03033873940229559,1,-1.1973520978755117
Garrison Mathews,2000000,SG,26,HOU/ATL,54,12.7,4.8,0.5,1.4,1.0,9.7,14.7,-2.4,-0.1,14.508657738524219,1000000.0,2.4,4.85,1,0.09906938647763369,1,-0.9687168886248883
Jaylin Williams,2000000,C,20,OKC,49,18.7,5.9,1.6,4.9,1.9,11.2,13.5,-1.7,0.1,14.508657738524219,689655.1724137932,2.95,5.6,1,0.10444089020500591,1,-0.9848345807300346
Jeremiah Robinson-Earl,2000000,PF,22,OKC,43,18.9,6.8,1.0,4.2,1.9,13.0,14.6,-1.5,0.1,14.508657738524219,689655.1724137932,3.4,6.5,1,0.10856583698049599,1,-0.9700509591304203
Kenrich Williams,2000000,PF,28,OKC,53,22.8,8.0,2.0,4.9,3.3,14.4,13.7,0.5,0.8,14.508657738524219,465116.27906976745,4.0,7.2,1,0.08919400254809184,1,-0.9995072293478678
Caleb Houstan,2000000,SF,20,ORL,51,15.9,3.8,0.6,1.9,0.7,6.2,11.0,-4.0,-0.4,14.508657738524219,1176470.5882352942,1.9,3.1,1,0.0707508001011824,1,-1.0287431982015758
Shake Milton,1997718,SG,26,PHI,76,20.6,8.4,3.2,2.5,2.9,12.7,18.5,-2.0,0.0,14.507516087088147,512235.3846153846,4.204797674146201,6.357253626387708,1,0.08960677599403338,1,-1.0360395197219205
Aaron Holiday,1968175,PG,26,ATL,63,13.4,3.9,1.4,1.2,0.9,9.4,13.4,-2.0,0.0,14.492617275405168,1035881.5789473684,1.981531113849124,4.775998069277376,1,0.10208738254764005,1,-1.0012560887736155
Yuta Watanabe,1968175,SF,28,BRK,58,16.0,5.6,0.8,2.4,2.1,12.1,13.1,-0.6,0.3,14.492617275405168,634895.1612903225,2.8452754455269473,6.147827301942154,1,0.10225250278861359,1,-0.9890256184401756
Edmond Sumner,1968175,SG,27,BRK,53,13.9,7.1,1.3,1.5,1.3,14.0,22.1,-2.6,-0.1,14.492617275405168,855728.2608695653,3.6074027970073796,7.1131886138173686,1,0.08333372122901245,1,-1.102144288817009
Thomas Bryant,1968175,C,25,DEN/LAL,59,18.3,9.8,0.5,5.7,4.1,19.7,18.2,0.6,0.7,14.492617275405168,385916.6666666667,4.979232029672159,10.009272549443011,1,0.037346382718057514,1,-1.1478254022287742
Josh Okogie,1968175,SG,24,PHO,72,18.8,7.3,1.5,3.5,2.8,13.3,17.7,-0.2,0.6,14.492617275405168,517940.7894736842,3.709019777204771,6.7575291831265005,1,0.10311785900416287,1,-0.9716391321846578
Drew Eubanks,1968175,C,25,POR,78,20.3,6.6,1.3,5.4,4.4,16.2,12.5,0.1,0.8,14.492617275405168,364476.85185185185,3.3533603465139024,8.230975395988668,1,0.06742036288757969,1,-1.0496680738317044
Dean Wade,1930681,PF,26,CLE,44,20.3,4.7,0.8,3.4,1.8,8.5,10.2,-0.7,0.3,14.473383348385171,689528.9285714286,2.434374192318669,4.402591624406103,1,0.10256911465350288,1,-1.0133720464604026
Terance Mann,1930681,SG,26,LAC,81,23.1,8.8,2.3,3.4,4.3,13.4,15.3,-0.2,0.8,14.473383348385171,364279.43396226416,4.557977211149848,6.940556207887268,1,0.08700745650681807,1,-1.0157101137529456
Jaylen Nowell,1930681,SG,23,MIN,65,19.3,10.8,2.0,2.6,1.2,13.7,25.0,-2.5,-0.2,14.473383348385171,877582.2727272727,5.593881122774814,7.095941794631013,1,0.055581124780746505,1,-1.1564509118511705
Naz Reid,1930681,C,23,MIN,68,18.4,11.5,1.1,4.9,3.0,18.5,24.8,1.0,1.0,14.473383348385171,482670.25,5.9564474918435515,9.58211118253093,1,0.027078607935359378,1,-1.2179063395016776
Jalen McDaniels,1930681,SF,25,PHI/CHO,80,23.9,9.4,1.6,4.3,2.7,11.8,17.2,-2.1,-0.1,14.473383348385171,521805.6756756756,4.868748384637338,6.1118330785872965,1,0.09355150199449325,1,-0.9969590070728861
Daniel Gafford,1930681,C,24,WAS,78,20.6,9.0,1.1,5.6,6.1,19.7,15.2,1.0,1.2,14.473383348385171,271926.90140845074,4.661567602312345,10.203653529505909,1,0.02667707301091854,-1,-1.22847140520555
Chimezie Metu,1910860,PF,25,SAC,66,10.4,4.9,0.6,3.0,2.1,17.3,17.6,-0.1,0.3,14.4630639604655,616406.4516129032,2.564290424206902,9.05351517117947,1,0.07499809076639985,1,-1.0489630792021845
Wenyen Gabriel,1878720,C,25,LAL,68,15.1,5.5,0.5,4.2,2.8,14.4,14.1,-2.2,-0.1,14.446101251857959,494400.0,2.9275251234883326,7.664793050587635,1,0.08512353947172602,1,-1.011367153180236
Moritz Wagner,1878720,C,25,ORL,57,19.5,10.5,1.5,4.5,3.4,17.4,21.1,0.6,0.7,14.446101251857959,426981.8181818181,5.588911599386817,9.261624936126724,1,0.059148948539759494,1,-1.0968532196836445
Keita Bates-Diop,1878720,PF,27,SAS,67,21.7,9.7,1.5,3.7,2.7,14.9,16.7,-0.6,0.5,14.446101251857959,507762.16216216213,5.163089763243059,7.930931698177483,1,0.08926565395576891,1,-1.0172351958267283
Oshae Brissett,1846738,PF,24,IND,65,16.7,6.1,0.7,3.4,1.1,10.6,16.1,-3.2,-0.3,14.428931397468153,879399.0476190476,3.303121503970785,5.739850482309889,1,0.09984517147418859,1,-0.9786223293905898
Isaiah Joe,1836090,SG,23,OKC,73,19.1,9.5,1.2,2.4,3.8,14.5,17.7,0.9,1.0,14.423148868568994,382518.75,5.174038309668916,7.897216367389398,1,0.06870065607640508,1,-1.0499443789455172
Anthony Gill,1836090,PF,30,WAS,59,10.6,3.3,0.6,1.7,1.3,11.1,12.3,-3.3,-0.2,14.423148868568994,798300.0000000001,1.7972975180955182,6.04545528813947,1,0.08243561224175738,1,-1.0042933364623672
Gabe Vincent,1815677,PG,26,MIA,68,25.9,9.4,2.5,2.1,1.4,9.0,17.5,-3.4,-0.6,14.411968958887675,756532.0833333334,5.177132276280418,4.956828775162102,1,0.07298530485216281,1,-1.137071154004896
Max Strus,1815677,SF,26,MIA,80,28.4,11.5,2.1,3.2,3.4,10.8,17.6,-1.7,0.2,14.411968958887675,412653.8636363636,6.333725657151575,5.948194530194523,1,0.06965072733760791,1,-1.0651545768036172
Nick Richards,1782621,C,25,CHO,65,18.7,8.2,0.6,6.4,4.2,18.3,15.6,-1.3,0.2,14.393595311154636,342811.73076923075,4.599968248999646,10.265782799596774,1,0.03927618103291286,1,-1.1579792539618445
Lamar Stevens,1782621,SF,25,CLE,62,18.1,5.3,0.5,3.3,1.9,9.5,13.6,-2.8,-0.2,14.393595311154636,614696.8965517242,2.973150209719284,5.329231507987396,1,0.09839669632744052,1,-0.9877533757405992
Naji Marshall,1782621,SF,25,NOP,77,23.3,9.1,2.5,3.6,2.5,11.4,17.8,-1.9,0.1,14.393595311154636,509320.28571428574,5.104842812914242,6.395077809584875,1,0.09460799867783415,1,-1.0298253618844908
Paul Reed,1782621,C,23,PHI,69,10.9,4.2,0.4,3.8,2.8,19.2,16.4,-0.1,0.4,14.393595311154636,469110.7894736842,2.356081298268112,10.770657363511368,1,0.04064049405518316,1,-1.1308776351232368
Tre Jones,1782621,PG,23,SAS,68,29.2,12.9,6.6,3.6,3.4,16.0,19.3,-1.0,0.5,14.393595311154636,405141.13636363635,7.236535416109201,8.97554780292614,1,0.0019955311773389717,-1,-1.4454746180905054
Haywood Highsmith,1752638,PF,26,MIA,54,17.9,4.4,0.8,3.5,0.9,8.5,12.5,-3.1,-0.3,14.376632639441183,922441.052631579,2.5105013128780733,4.849832081696277,1,0.09256408273680838,1,-1.0076545498045015
Jericho Sims,1639842,C,24,NYK,52,15.6,3.4,0.5,4.7,2.6,13.8,7.4,-0.5,0.3,14.31011045369583,455511.6666666666,2.0733704832538744,8.415444902618667,1,0.03920372590221566,1,-1.1588743907065178
Sam Hauser,1637966,SF,25,BOS,80,16.1,6.4,0.9,2.6,3.4,12.7,14.7,1.0,1.0,14.308965786158964,372264.99999999994,3.90728501079998,7.7535186933062095,1,0.07123625106983372,1,-1.0397440949631385
JT Thor,1563518,PF,20,CHO,69,14.0,3.8,0.5,2.2,0.2,7.0,13.1,-4.7,-0.7,14.262448968445678,1302931.6666666667,2.4304165350191043,4.477083090824666,1,0.051962060082382966,1,-1.040126753246698
Ayo Dosunmu,1563518,SG,23,CHI,80,26.2,8.6,2.6,2.8,2.9,10.2,14.9,-2.5,-0.2,14.262448968445678,400902.0512820513,5.500416368727446,6.523749646630227,1,0.06771442586199733,1,-1.0734404223709093
Isaiah Livers,1563518,PF,24,DET,52,23.1,6.7,0.8,2.8,1.0,8.4,11.9,-2.4,-0.1,14.262448968445678,781759.0,4.285208101217894,5.3724997089896,1,0.08136847136814174,1,-1.0474734774788774
Daishen Nix,1563518,PG,20,HOU,57,16.0,4.0,2.3,1.7,-1.2,5.3,15.4,-6.5,-1.0,14.262448968445678,710690.0,2.558333194756952,3.3897914830529614,-1,-0.00012398102982080772,-1,-1.2758770843633447
Austin Reaves,1563518,SG,24,LAL,64,28.8,13.0,3.4,3.0,5.4,14.9,16.2,0.7,1.2,14.262448968445678,244299.6875,8.314582882960094,9.529791150469647,1,0.007615868709312412,-1,-1.3555855424658663
Jose Alvarado,1563518,PG,24,NOP,61,21.5,9.0,3.0,2.3,1.8,11.8,19.8,-1.2,0.3,14.262448968445678,558399.2857142858,5.756249688203142,7.547082924533009,1,0.07010698985646963,1,-1.052951705298583
Miles McBride,1563518,PG,22,NYK,64,11.9,3.5,1.1,0.8,0.7,8.4,14.6,-2.3,-0.1,14.262448968445678,919716.4705882353,2.238541545412333,5.3724997089896,1,0.06680080235761632,1,-1.0236196552723231
Aaron Wiggins,1563518,SG,24,OKC,70,18.5,6.8,1.1,3.0,2.6,12.2,14.5,-2.1,0.0,14.262448968445678,434310.55555555556,4.349166431086818,7.802916244008703,1,0.09245706004806836,1,-0.9770838527445637
Jock Landale,1563518,C,27,PHO,69,14.2,6.6,1.0,4.1,2.7,16.4,19.3,-1.1,0.2,14.262448968445678,422572.4324324324,4.221249771348971,10.489166098503503,1,0.06442075863889091,1,-1.0518916588848897
Trendon Watford,1563518,PF,22,POR,62,19.1,7.4,2.1,3.8,2.1,13.6,16.1,-1.8,0.1,14.262448968445678,504360.6451612903,4.732916410300361,8.698332862173636,1,0.08228279612252531,1,-1.0183482962099737
Christian Koloko,1500000,C,22,TOR,58,13.8,3.1,0.5,2.9,1.7,11.4,10.4,-3.5,-0.3,14.22097566607244,555555.5555555555,2.066666666666667,7.6000000000000005,1,0.07041208417376055,1,-1.0900866440290675
Bryce McGowens,1461055,SG,20,CHO,46,17.1,5.3,1.2,2.0,0.1,7.2,15.0,-6.0,-0.8,14.194669335472588,1328231.8181818181,3.6275157334939476,4.927945902104986,1,0.034659759781439536,1,-1.1262845809095423
Jordan Goodwin,1280206,PG,24,WAS,62,17.8,6.6,2.7,3.3,2.2,14.8,17.3,0.7,0.8,14.06253156044675,400064.375,5.155420299545542,11.560639459586973,1,0.0371108225939335,1,-1.1215134857067048
Sandro Mamukelashvili,1116112,C,23,SAS/MIL,43,15.3,6.1,1.4,4.3,0.9,13.4,18.2,-2.4,-0.1,13.925361775310762,587427.3684210527,5.465401321731152,12.005963559212695,1,0.02718324994992949,-1,-1.2262861352904113
Jaden Hardy,1017781,SG,20,DAL,48,14.8,8.8,1.4,1.9,0.7,14.6,26.4,-2.3,0.0,13.833135325247946,598694.705882353,8.646260836073772,14.344932750758758,-1,-0.03368910538595982,-1,-1.6442614039778651
Max Christie,1017781,SG,19,LAL,41,12.5,3.1,0.5,1.8,0.6,7.4,10.4,-3.1,-0.1,13.833135325247946,636113.125,3.045841885435079,7.270719339425672,1,0.028901176497835246,1,-1.137276577183996
Jabari Walker,1017781,SF,20,POR,56,11.1,3.9,0.6,2.3,0.2,9.6,17.3,-6.1,-0.6,13.833135325247946,848150.8333333334,3.8318655978054217,9.432284548444114,-1,-0.004484463004732042,-1,-1.3913193472770968
Eugene Omoruyi,1013119,SF,25,DET/OKC,40,16.1,7.0,0.7,2.8,0.6,10.9,19.3,-4.4,-0.4,13.828544249184338,633199.375,6.9093561565818025,10.758854586677378,-1,-0.013870809206301571,-1,-1.3656122192529705
Kris Dunn,1000001,PG,28,UTA,22,25.8,13.2,5.6,4.5,1.9,19.1,20.2,2.4,0.6,13.815511557963774,344827.9310344828,13.1999868000132,19.0999809000191,-1,-0.13245350545883527,-1,-2.4232277134186813
Anthony Lamb,694878,SF,25,GSW,62,19.3,6.7,1.5,3.5,2.4,10.9,13.8,-1.1,0.3,13.451491569569711,204375.88235294117,9.641980318847338,15.686206787378504,-1,-0.042838148615627625,-1,-1.8241165145456435
