Player Name,season,Team,Position,Age,Salary,fair_salary,residual_dollars,residual_pct,PTS,AST,TRB,WS,PER,VORP,IF_label,IF_score,LOF_label,LOF_score
Kevin Love,2022-23,MIA,PF,34,30556968,22425193.622058406,8131774.3779415935,0.06576179190442435,8.2,1.9,6.4,2.6,13.1,0.8,1,0.04713967982437001,1,-1.0809375538390393
Anfernee Simons,2022-23,POR,SG,23,22321429,14494818.292424481,7826610.707575519,0.06329392832942882,21.1,4.1,2.6,2.5,14.8,0.5,1,0.07478638177529995,1,-1.0204425310280139
Ben Simmons,2022-23,BRK,PG,26,35448672,28244500.63338246,7204171.366617542,0.058260251236242316,6.9,6.1,6.3,2.2,13.4,0.7,1,0.016875323960207134,1,-1.0919043133657547
Andrew Wiggins,2022-23,GSW,SF,27,33616770,27129179.16750467,6487590.832495332,0.05246525277987413,17.1,2.3,5.0,2.3,14.7,0.5,1,0.04749734755669893,1,-1.0926386623927518
Duncan Robinson,2022-23,MIA,SF,28,16902000,10914185.57665956,5987814.42334044,0.048423552815013066,6.4,1.1,1.6,0.5,7.8,-0.5,1,0.05772305818087364,1,-1.0167484870249524
Rudy Gobert,2022-23,MIN,C,30,38172414,32277289.35712876,5895124.642871238,0.04767396904994736,13.4,1.2,11.6,7.8,18.9,1.4,1,0.02384834201275693,1,-1.0462747354480764
John Wall,2022-23,LAC,PG,32,47345760,42213463.58048111,5132296.419518888,0.041504964777153264,11.4,5.2,2.7,0.3,13.6,0.1,1,0.0021035949541727827,1,-1.1281390288606694
Tobias Harris,2022-23,PHI,SF,30,37633050,32591066.953877043,5041983.046122957,0.040774599054813454,14.7,2.5,5.7,5.9,14.8,1.7,1,0.07261121085025118,1,-1.039328101767248
Joe Harris,2022-23,BRK,SF,31,18642857,13762912.155700967,4879944.844299033,0.03946419347619613,7.6,1.4,2.2,2.6,10.6,0.3,1,0.09070109734936138,1,-1.0108579642186633
Nicolas Batum,2022-23,LAC,PF,34,19700319,14971839.213573292,4728479.786426708,0.03823929308500837,6.1,1.6,3.8,3.6,11.0,1.0,1,0.05468958918056843,1,-1.037338242872209
Myles Turner,2022-23,IND,C,26,35096500,30404604.477040567,4691895.5229594335,0.03794343555019555,18.0,1.4,7.5,5.4,20.0,1.9,1,0.006808671145422829,1,-1.0972038597123086
Malcolm Brogdon,2022-23,BOS,PG,30,22600000,18107422.477522355,4492577.522477645,0.036331547632345196,14.9,3.7,4.2,5.8,18.2,2.1,1,0.06867265775502684,1,-1.0163743334197366
Luguentz Dort,2022-23,OKC,SF,23,15277778,11182791.888358448,4094986.1116415523,0.03311621941402734,13.7,2.1,4.6,2.9,11.3,-0.6,1,0.08661183955238155,1,-0.9958459248742395
Malik Beasley,2022-23,UTA,SG,26,15558035,11504054.35952037,4053980.64047963,0.03278460750054288,12.7,1.5,3.5,1.4,10.9,0.0,1,0.09623210426541967,1,-0.967530809394022
Russell Westbrook,2022-23,LAC,PG,34,47080179,43142209.11618413,3937969.8838158697,0.03184642662096859,15.9,7.5,5.8,1.9,16.1,1.2,-1,-0.04517603634607714,-1,-1.131848959563707
Zach LaVine,2022-23,CHI,SG,27,37096500,33192898.94231082,3903601.0576891787,0.031568485364030396,24.8,4.2,4.5,7.1,19.0,2.7,1,0.03737808681451821,1,-1.0142386389116504
Kawhi Leonard,2022-23,LAC,SF,31,42492492,38743765.95481915,3748726.0451808497,0.03031600861413486,23.8,3.9,6.5,7.1,23.9,3.5,-1,-0.007376975917011586,1,-1.1153700960346895
Klay Thompson,2022-23,GSW,SF,32,40600080,37402909.939972974,3197170.0600270256,0.025855566374404837,21.9,2.4,4.1,3.1,14.7,1.0,1,0.05474947582030276,1,-1.0937991653863521
Jamal Murray,2022-23,DEN,PG,25,31650600,28459763.465862192,3190836.534137808,0.025804347047331755,20.0,6.2,4.0,5.1,18.0,1.8,1,0.06620272126892113,1,-0.9957002499635529
Will Barton,2022-23,TOR,SG,32,15059712,12060371.210936962,2999340.7890630383,0.02425571783642423,6.8,2.0,2.4,0.4,10.0,-0.2,1,0.08553681306232885,1,-1.0235502169200321
Deandre Ayton,2022-23,PHO,C,24,30913750,27925296.263102192,2988453.7368978076,0.024167674068155814,18.0,1.7,10.0,6.2,19.9,1.5,1,0.038735857192963796,1,-1.008359917732079
Luke Kennard,2022-23,MEM,SG,26,13745455,10772153.802018022,2973301.197981978,0.02404513523902775,9.3,1.5,2.7,3.4,13.0,0.8,1,0.09496389129489269,1,-0.9932228193417689
Caris LeVert,2022-23,CLE,SG,28,18796296,15845376.549744245,2950919.4502557553,0.023864133680447652,12.1,3.9,3.8,4.4,12.4,1.0,1,0.09772343245336801,1,-1.0044657773209924
Trae Young,2022-23,ATL,PG,24,37096500,34151953.7942895,2944546.2057105005,0.023812593147955974,26.2,10.2,3.0,6.7,22.0,3.4,-1,-0.05963064178356836,1,-1.103926681632045
Jaxson Hayes,2022-23,NOP,C,22,6803012,3881399.3527705367,2921612.6472294633,0.02362712908680978,5.0,0.7,2.8,1.5,13.7,0.1,1,0.10024562269146053,1,-0.9910865935649156
D'Angelo Russell,2022-23,MIN,PG,26,31377750,28487292.90514197,2890457.0948580317,0.02337517362709174,17.8,6.2,3.0,5.1,16.3,2.0,1,0.062169006040965424,1,-1.0012783560031058
Derrick White,2022-23,BOS,SG,28,17142857,14293518.733008653,2849338.266991347,0.0230426449960887,12.4,3.9,3.6,7.4,15.4,2.6,1,0.04269351285919509,1,-1.0753733856808187
Al Horford,2022-23,BOS,C,36,26500000,23857022.531262312,2642977.468737688,0.02137380185789242,9.8,3.0,6.2,6.3,13.8,2.5,-1,-0.008080639668797684,-1,-1.2036287436729438
Dyson Daniels,2022-23,NOP,PG,19,5508600,2874962.1206529625,2633637.8793470375,0.02129827244629847,3.8,2.3,3.2,1.3,8.8,0.0,1,0.05115770691995947,1,-1.0607450976969988
Jimmy Butler,2022-23,MIA,PF,33,37653300,35035463.296804525,2617836.703195475,0.021170488077275285,22.9,5.3,5.9,12.3,27.6,5.8,-1,-0.05852341242835579,-1,-1.2618260087565147
Gordon Hayward,2022-23,CHO,SF,32,30075000,27484162.10060809,2590837.899391908,0.020952148310961205,14.7,4.1,4.3,2.0,13.5,0.2,1,0.06598638128787171,1,-1.0890826303417716
James Wiseman,2022-23,DET,C,21,9603360,7017901.894158924,2585458.105841076,0.020908641832850072,10.0,0.7,5.9,1.4,15.6,-0.3,1,0.0655580212976572,1,-0.971873400213911
Gary Harris,2022-23,ORL,SG,28,13000000,10433982.282809604,2566017.717190396,0.020751427093044325,8.3,1.2,2.0,2.3,10.5,0.4,1,0.08102052015783734,1,-0.9981011766081386
Bam Adebayo,2022-23,MIA,C,25,30351780,27882599.567908425,2469180.432091575,0.019968302390453885,20.4,3.2,9.2,7.4,20.1,2.3,1,0.018159521714523452,1,-1.053077767552747
Devin Booker,2022-23,PHO,SG,26,33833400,31370487.21099378,2462912.7890062183,0.01991761585868923,27.8,5.5,4.5,6.0,22.0,2.9,1,0.021388187345790177,1,-1.0391689713040104
Dwight Powell,2022-23,DAL,C,31,11080125,8635687.292346586,2444437.7076534145,0.01976820757473144,6.7,0.9,4.1,5.1,15.5,0.3,1,0.06782159414438738,1,-1.1150011490730982
Mo Bamba,2022-23,ORL,C,24,10300000,7877844.522869935,2422155.4771300647,0.01958801081339262,6.6,0.9,4.6,2.2,15.7,0.5,1,0.0852830002235394,1,-0.9898243742107592
John Collins,2022-23,ATL,PF,25,23500000,21091111.07142957,2408888.9285704307,0.019480724019007967,13.1,1.2,6.5,4.2,13.6,0.4,1,0.0849430985550304,1,-1.0119159247434037
Pascal Siakam,2022-23,TOR,PF,28,35448672,33106995.759300586,2341676.240699414,0.018937173916941608,24.2,5.8,7.8,7.8,20.3,3.4,1,0.030471056204008418,1,-1.0307517237579873
Jae'Sean Tate,2022-23,HOU,SF,27,7065217,4785131.018755484,2280085.9812445156,0.01843909248509576,9.1,2.7,3.8,0.7,12.2,-0.3,1,0.07318411339176562,1,-1.0417605759933082
Marcus Morris,2022-23,LAC,PF,33,16372093,14154658.329357894,2217434.670642106,0.017932430315329803,11.2,1.8,4.0,2.0,10.5,0.0,1,0.08131611394021093,1,-1.0075127957647099
Giannis Antetokounmpo,2022-23,MIL,PF,28,42492492,40307004.8512808,2185487.148719199,0.017674070184943547,31.1,5.7,11.8,8.6,29.0,5.4,-1,-0.1084352924705696,-1,-1.2323950694084433
Eric Gordon,2022-23,LAC,SG,34,19568360,17447223.206999082,2121136.793000918,0.01715366780963906,12.4,2.7,1.9,2.3,11.8,0.1,1,0.06520614120965867,1,-1.054857562395972
Mitchell Robinson,2022-23,NYK,C,24,17045454,15081643.257628134,1963810.7423718665,0.015881369474520776,7.4,0.9,9.4,6.5,18.9,1.7,-1,-0.006809744436914955,1,-1.049475636848583
Landry Shamet,2022-23,PHO,SG,25,9500000,7554786.32281236,1945213.6771876402,0.015730974705330483,8.7,2.3,1.7,1.2,10.9,0.1,1,0.0989445102756259,1,-0.9885772419336961
Josh Richardson,2022-23,SAS,SG,29,12196094,10319317.909280993,1876776.090719007,0.01517751882834506,10.1,2.7,2.7,1.8,12.3,0.3,1,0.10144845705648015,1,-1.0046973776492691
Talen Horton-Tucker,2022-23,UTA,SG,22,10260000,8388080.559195231,1871919.4408047693,0.015138243021347864,10.7,3.8,3.2,0.8,13.7,0.2,1,0.05269969865433094,1,-1.0601552340023217
Shaedon Sharpe,2022-23,POR,SG,19,6012960,4167791.2288193433,1845168.7711806567,0.014921909920186459,9.9,1.2,3.0,1.2,11.5,-0.6,1,0.09039072523539177,1,-0.9841788110092329
Stephen Curry,2022-23,GSW,PG,34,48070014,46276082.490478,1793931.5095219985,0.014507553350224411,29.4,6.3,6.1,7.8,24.1,4.7,-1,-0.03807916254034571,1,-1.0797832515771706
Amir Coffey,2022-23,LAC,SF,25,3395062,1621781.7451479025,1773280.2548520975,0.014340546317189742,3.4,1.1,1.1,0.4,7.0,-0.5,1,0.0359590497238792,1,-1.063273145581419
Isaac Okoro,2022-23,CLE,SF,22,7040880,5284829.922885729,1756050.077114271,0.01420120558905237,6.4,1.1,2.5,4.2,10.7,0.7,1,0.07855052640642185,1,-0.9814725110007329
Rui Hachimura,2022-23,WAS,PF,24,6263188,4521102.169056487,1742085.8309435127,0.014088276502717344,11.2,0.9,4.5,1.8,13.2,-0.1,1,0.09396419756732272,1,-0.9763043090796529
Kyle Lowry,2022-23,MIA,PG,36,28333334,26694648.33305779,1638685.666942209,0.013252077691498165,11.2,5.1,4.1,3.4,12.6,0.9,1,0.043742604143403085,1,-1.0596841790163527
Evan Mobley,2022-23,CLE,PF,21,8478720,6870832.476417929,1607887.523582071,0.013003012604278608,16.2,2.8,9.0,8.5,17.9,2.5,1,0.012399264100016127,1,-1.0835995293112575
Jalen Green,2022-23,HOU,SG,20,9441840,7840827.16972848,1601012.8302715197,0.012947416847450724,22.1,3.7,3.7,1.8,14.5,0.0,1,0.04671553920060223,1,-1.0579620579840907
Chimezie Metu,2022-23,SAC,PF,25,1910860,347307.17242206354,1563552.8275779365,0.01264447719524432,4.9,0.6,3.0,2.1,17.3,0.3,1,0.07492559939315063,1,-0.9867757339430667
Cole Anthony,2022-23,ORL,PG,22,3613680,2070503.5211107882,1543176.4788892118,0.012479693331359117,13.0,3.9,4.8,3.7,16.0,1.3,1,0.08272819163554052,1,-1.0199107025704786
Daishen Nix,2022-23,HOU,PG,20,1563518,50214.227576710866,1513303.7724232893,0.012238112267383357,4.0,2.3,1.7,-1.2,5.3,-1.0,-1,-0.002938003243544207,-1,-1.1314392793867625
Anthony Edwards,2022-23,MIN,SG,21,10733400,9262668.57543899,1470731.4245610107,0.011893828996490316,24.6,4.4,5.8,3.8,17.4,2.1,-1,-0.020530128022212546,1,-1.0967759845746246
Jalen Suggs,2022-23,ORL,SG,21,6922320,5497679.082436658,1424640.9175633416,0.011521094315339792,9.9,2.9,3.0,1.4,12.5,0.3,1,0.06508792479700543,1,-1.084734962359266
Patrick Williams,2022-23,CHI,PF,21,7775400,6355410.912148981,1419989.0878510186,0.011483474892653098,10.2,1.2,4.0,3.5,11.2,0.4,1,0.07717491414735839,1,-1.0232677721236991
Bradley Beal,2022-23,WAS,SG,29,43279250,41887606.21940468,1391643.7805953175,0.011254245930979845,23.2,5.4,3.9,3.4,19.7,1.6,1,0.029763966033622302,1,-1.0291411383613196
Doug McDermott,2022-23,SAS,SF,31,13750000,12370921.436109329,1379078.5638906714,0.011152630818734965,10.2,1.4,2.2,1.0,11.2,-0.4,1,0.07079013631855319,1,-1.0223556329892458
Hamidou Diallo,2022-23,DET,SF,24,5200000,3844634.374488198,1355365.6255118018,0.0109608638996547,9.3,1.0,3.5,1.3,15.7,0.1,1,0.07811748402219942,1,-1.0560699310246382
Moses Moody,2022-23,GSW,SG,20,3740160,2409225.38516917,1330934.6148308301,0.010763289918166108,4.8,0.8,1.7,1.3,10.3,-0.1,1,0.09729865725139913,1,-0.9977030161394795
Caleb Houstan,2022-23,ORL,SF,20,2000000,692703.7139968226,1307296.2860031775,0.010572126367742326,3.8,0.6,1.9,0.7,6.2,-0.4,1,0.042595020132878636,1,-1.0478563458384147
Jonathan Kuminga,2022-23,GSW,PF,20,5739840,4450124.284526715,1289715.715473285,0.010429952007385751,9.9,1.9,3.4,2.4,13.3,0.1,1,0.10117703516912085,1,-0.9952262824238712
Brandon Clarke,2022-23,MEM,PF,26,4343919,3073792.8280930743,1270126.1719069257,0.010271531049346371,10.0,1.3,5.5,4.5,20.0,1.3,1,0.054970871311380065,1,-1.0349090987343623
Moritz Wagner,2022-23,ORL,C,25,1878720,622733.3506463192,1255986.6493536807,0.010157184500049984,10.5,1.5,4.5,3.4,17.4,0.7,1,0.08668613996826063,1,-1.000523502931619
Khris Middleton,2022-23,MIL,SF,31,37984276,36753402.23738469,1230873.7626153082,0.009954096175773752,15.1,4.9,4.2,1.9,17.4,0.6,1,0.009396174424657011,-1,-1.130413629122918
Chris Boucher,2022-23,TOR,PF,30,12690000,11496760.762991406,1193239.237008594,0.009649745153924985,9.4,0.4,5.5,5.0,18.0,0.7,1,0.05761386974074345,1,-1.0303919413461688
Donovan Mitchell,2022-23,CLE,SG,26,30913750,29793810.57948801,1119939.4205119908,0.009056968343471694,28.3,4.4,4.3,8.9,22.9,5.0,-1,-0.0103102438847531,1,-1.0725242073127779
Jeremy Sochan,2022-23,SAS,PF,19,5063520,3969862.4736862695,1093657.5263137305,0.008844426236818005,11.0,2.5,5.3,0.2,11.4,-0.7,1,0.07028984808601468,1,-1.0643392999988026
Ousmane Dieng,2022-23,OKC,PF,19,4569840,3476952.8125335556,1092887.1874664444,0.008838196494007067,4.9,1.2,2.7,0.4,9.3,-0.2,1,0.07249523585151357,1,-1.0213946866066248
De'Anthony Melton,2022-23,PHI,SG,24,8250000,7161145.307317064,1088854.6926829359,0.008805585642981978,10.1,2.6,4.1,4.2,12.7,1.6,1,0.0643572118301084,1,-1.0912242670436307
Jock Landale,2022-23,PHO,C,27,1563518,497996.93470585806,1065521.0652941419,0.008616886218059455,6.6,1.0,4.1,2.7,16.4,0.2,1,0.08846275015984684,1,-0.9830566441749813
Romeo Langford,2022-23,SAS,SG,23,5634257,4608833.109338124,1025423.8906618757,0.00829261971341131,6.9,1.2,2.7,0.5,10.4,-0.5,1,0.09930040305543325,1,-1.0001362266026252
Karl-Anthony Towns,2022-23,MIN,PF,27,33833400,32822022.59930201,1011377.4006979913,0.008179025520181071,20.8,4.8,8.1,2.7,18.8,1.2,1,0.008795282651461733,1,-1.1185914606682716
Collin Sexton,2022-23,UTA,PG,24,16700000,15699143.012628088,1000856.9873719122,0.008093946766179388,14.3,2.9,2.2,2.5,15.9,0.2,1,0.061073137768558716,1,-1.0185141974929262
Anthony Gill,2022-23,WAS,PF,30,1836090,862200.3933475339,973889.6066524661,0.00787586111885865,3.3,0.6,1.7,1.3,11.1,-0.2,1,0.04596383971373541,1,-1.028804715891196
Dorian Finney-Smith,2022-23,DAL,PF,29,12939848,11985519.042396005,954328.9576039948,0.0077176738312562665,8.3,1.5,4.8,2.1,9.2,0.0,1,0.0825869907041521,1,-0.9835581694620888
Nickeil Alexander-Walker,2022-23,UTA,SG,24,5009633,4058398.7342149187,951234.2657850813,0.007692647008087673,6.2,1.8,1.7,1.1,11.6,0.2,1,0.10257264248304732,1,-0.9807951437843432
Grant Williams,2022-23,BOS,PF,24,4306281,3369270.6950615137,937010.3049384863,0.0075776176049370085,8.1,1.7,4.6,4.4,10.3,0.5,1,0.09050857954577679,1,-0.9763618904105567
Kendrick Nunn,2022-23,WAS,SG,27,5250000,4313061.99009501,936938.00990499,0.007577032953823053,7.1,1.3,1.6,0.2,11.1,-0.4,1,0.08911719259118661,1,-0.9975102905589344
Nassir Little,2022-23,POR,SF,22,4171548,3240162.1267819903,931385.8732180097,0.007532132733961503,6.6,0.9,2.6,0.7,10.2,-0.3,1,0.10411079266840029,1,-1.0058831505090802
Christian Braun,2022-23,DEN,SG,21,2808600,1900877.7461902995,907722.2538097005,0.007340764658199836,4.7,0.8,2.4,1.9,10.3,-0.1,1,0.09446596461216694,1,-0.9872707706087279
Jordan McLaughlin,2022-23,MIN,PG,26,2160000,1273640.5149764973,886359.4850235027,0.00716800359891232,3.7,3.4,1.4,1.3,11.8,0.2,1,0.04806211422829382,1,-1.022979463494937
Patrick Beverley,2022-23,CHI,SG-PG,34,13801614,12915444.617436662,886169.3825633377,0.007166466237219185,6.2,2.9,3.7,3.0,8.9,0.3,1,0.04135066929995057,1,-1.090385230985079
Luke Kornet,2022-23,BOS,C,27,2133278,1250331.4107175798,882946.5892824202,0.007140403455439896,3.8,0.8,2.9,3.3,16.7,0.6,1,0.03392036227007955,1,-1.0118875611017957
Isaiah Jackson,2022-23,IND,C,21,2573760,1703225.825061291,870534.174938709,0.007040024058377819,7.2,0.8,4.5,2.7,17.5,0.3,1,0.05548733460290989,1,-1.033341116729379
Robert Covington,2022-23,LAC,PF,32,12307692,11465933.359414786,841758.6405852139,0.006807315843154055,6.0,1.2,3.5,1.9,14.2,0.7,1,0.05569370409586394,1,-1.0778043129685198
Matisse Thybulle,2022-23,POR,SF-SG,25,4379526,3559153.9562729485,820372.0437270515,0.006634362085860268,4.1,0.7,2.0,2.1,10.5,0.4,1,0.009282612133406365,-1,-1.3414515175593964
Thaddeus Young,2022-23,TOR,PF,34,8000000,7185729.4183217,814270.5816783002,0.006585019462846627,4.4,1.4,3.1,1.8,14.1,0.4,1,0.028319445022975565,-1,-1.2619798331541632
Davion Mitchell,2022-23,SAC,PG,24,4833600,4021974.8246798683,811625.1753201317,0.006563626018520334,5.6,2.3,1.3,1.5,9.4,-0.3,1,0.07505011934745037,1,-1.0463660069908687
Terence Davis,2022-23,SAC,SG,25,4000000,3217180.418324419,782819.5816755812,0.0063306747133199705,6.7,1.0,2.2,0.9,12.9,0.1,1,0.08878590452723861,1,-1.0046673640920663
Isaiah Joe,2022-23,OKC,SG,23,1836090,1055482.156317151,780607.8436828491,0.0063127883521317315,9.5,1.2,2.4,3.8,14.5,1.0,1,0.08386607360725373,1,-0.9760152174487622
Delon Wright,2022-23,WAS,PG,30,7804878,7028786.372808739,776091.6271912614,0.0062762656357709876,7.4,3.9,3.6,3.7,16.3,1.7,1,0.006268409990349277,-1,-1.1657732039022701
Tyus Jones,2022-23,MEM,PG,26,15000000,14255608.948014192,744391.0519858077,0.006019902567512905,10.3,5.2,2.5,5.7,16.0,1.7,1,0.04707361911602026,1,-1.0053522217789772
Trey Lyles,2022-23,SAC,PF,27,2625000,1893790.7296234474,731209.2703765526,0.005913301284837269,7.6,0.9,4.1,2.6,14.2,0.3,1,0.10745955094307408,1,-0.993220137363678
Grayson Allen,2022-23,MIL,SG,27,8925000,8197184.688810942,727815.3111890582,0.005885854281582295,10.4,2.3,3.3,5.1,12.3,1.0,1,0.10624896206875406,1,-0.9809470774004323
Ivica Zubac,2022-23,LAC,C,25,10123457,9417797.58544093,705659.41455907,0.005706679184497757,10.8,1.0,9.9,6.7,16.7,0.6,1,0.03899564767368796,1,-1.0129691343543252
Kevin Huerter,2022-23,SAC,SG,24,14508929,13842679.03972202,666249.9602779802,0.0053879742855362095,15.2,2.9,3.3,4.9,15.2,1.7,1,0.09163048059167644,1,-0.9973265039459717
Ochai Agbaji,2022-23,UTA,SG,22,3918360,3263301.364758366,655058.6352416342,0.0052974698576008575,7.9,1.1,2.1,1.3,9.5,-0.3,1,0.09914751836298641,1,-0.9826416232301021
Keegan Murray,2022-23,SAC,SF,22,8008440,7385910.233909618,622529.7660903819,0.005034408362705765,12.2,1.2,4.6,4.3,12.3,0.8,1,0.08357281769318509,1,-0.9857986549932756
Obi Toppin,2022-23,NYK,PF,24,5348280,4761801.209902185,586478.790097815,0.004742863532391041,7.4,1.0,2.8,2.1,13.6,0.4,1,0.10290867502668771,1,-0.980182859569609
Jayson Tatum,2022-23,BOS,SF,24,30351780,29792806.143550303,558973.8564496972,0.004520430685776539,30.1,4.6,8.8,10.5,23.7,5.1,-1,-0.04711425602429675,1,-1.107237144160666
Ty Jerome,2022-23,GSW,SG,25,4728948,4224697.27521682,504250.7247831803,0.004077883828257495,6.9,3.0,1.7,2.1,12.8,0.3,1,0.0878919168264296,1,-0.9810847923795041
Chris Duarte,2022-23,IND,SF,25,3936960,3438688.959675139,498271.0403248612,0.004029526022602085,7.9,1.4,2.5,0.0,8.6,-0.6,1,0.08553360254436432,1,-1.0082824173990992
Shai Gilgeous-Alexander,2022-23,OKC,PG,24,30913750,30438167.622637488,475582.37736251205,0.003846042435506153,31.4,5.5,4.8,11.4,27.2,5.6,-1,-0.05717077967081474,-1,-1.1344146612077197
Isaiah Hartenstein,2022-23,NYK,C,24,8854879,8382755.729607492,472123.27039250825,0.0038180685810724063,5.0,1.2,6.5,4.6,14.2,0.7,1,0.05992248298865599,1,-0.9850844612725307
Christian Wood,2022-23,DAL,C,27,14317459,13866369.113228014,451089.88677198626,0.003647971264987143,16.6,1.8,7.3,4.8,20.6,1.6,1,0.03756233006856102,1,-1.001593208060043
James Bouknight,2022-23,CHO,SG,22,4362240,3918321.3845031746,443918.6154968254,0.0035899770773266393,5.6,1.2,2.1,-0.4,6.2,-0.6,1,0.051120499083004645,1,-1.069888755735756
Paul George,2022-23,LAC,SF,32,42492492,42049628.667349294,442863.3326507062,0.003581442987753869,23.8,5.1,6.1,4.6,19.6,2.3,-1,-0.009630455848850916,1,-1.0823395484789464
Wenyen Gabriel,2022-23,LAL,C,25,1878720,1460124.7383485714,418595.26165142865,0.0033851867021263086,5.5,0.5,4.2,2.8,14.4,-0.1,1,0.09673410424523399,1,-0.9946841232065331
Ziaire Williams,2022-23,MEM,SF,21,4591680,4179557.2097420734,412122.79025792656,0.0033328437204959496,5.7,0.9,2.1,0.1,7.4,-0.5,1,0.06379312490932193,1,-1.02232715118337
Garrison Mathews,2022-23,ATL,SG,26,2000000,1593647.393651179,406352.60634882096,0.0032861801491959157,4.8,0.5,1.4,1.0,9.7,-0.1,1,0.0936548277890123,1,-1.0037966609559807
RJ Barrett,2022-23,NYK,SG,22,10900634,10498909.225168929,401724.7748310715,0.003248754800299805,19.6,2.8,5.0,2.2,12.9,-0.7,1,0.04886598109963447,1,-1.064812031135784
Onyeka Okongwu,2022-23,ATL,C,22,6395160,5998574.061230825,396585.93876917474,0.003207196949328174,9.9,1.0,7.2,7.1,19.4,1.3,1,0.0411287546451336,1,-1.0235005546404639
Paul Reed,2022-23,PHI,C,23,1782621,1413349.9011135574,369271.0988864426,0.002986301394091971,4.2,0.4,3.8,2.8,19.2,0.4,1,0.03016815607762624,1,-1.1005636243125807
Coby White,2022-23,CHI,SG,22,7413955,7045507.208244987,368447.79175501317,0.0029796432959040275,9.7,2.8,2.9,3.1,12.5,0.5,1,0.11148892896695467,1,-0.9695922762945921
Cam Reddish,2022-23,POR,SF,23,5954454,5589656.447912339,364797.5520876609,0.00295012374823226,9.7,1.4,2.2,0.9,10.6,-0.4,1,0.08406329571394677,1,-1.0094107155789567
Kyrie Irving,2022-23,DAL,PG-SG,30,38917057,38558620.50130662,358436.4986933768,0.0028986818057771813,27.1,5.5,5.1,7.4,22.4,3.5,1,0.0060353270428421535,1,-1.0234395964801162
Haywood Highsmith,2022-23,MIA,PF,26,1752638,1407803.5996669724,344834.4003330276,0.002788681414686243,4.4,0.8,3.5,0.9,8.5,-0.3,1,0.07893435935238291,1,-0.9896471377609609
Montrezl Harrell,2022-23,PHI,C,29,2463490,2123986.0050727027,339503.99492729735,0.0027455743393093486,5.6,0.6,2.8,2.2,17.6,0.1,1,0.08580121269635571,1,-0.9942685179902847
Robert Williams,2022-23,BOS,C,25,10714287,10401273.76955906,313013.2304409407,0.0025313430952322163,8.0,1.4,8.3,3.8,19.8,1.1,1,0.008523148393520807,1,-1.040100761181591
DeAndre Jordan,2022-23,DEN,C,34,10733758,10432657.558648065,301100.44135193527,0.002435004175746505,5.1,0.9,5.2,1.4,14.7,0.0,1,0.0165221002171565,-1,-1.1462417221820875
Damian Lillard,2022-23,POR,PG,32,42492492,42192195.669012204,300296.3309877962,0.0024285013221284624,32.2,7.3,4.8,9.0,26.7,4.9,-1,-0.0556305407683384,1,-1.0960157604026226
Justise Winslow,2022-23,POR,PF,26,4097561,3801497.427428741,296063.572571259,0.0023942709358397082,6.8,3.4,5.0,0.4,9.3,-0.2,1,0.04248485087455389,-1,-1.1570272242168156
David Roddy,2022-23,MEM,PF,21,2588640,2299733.5904827584,288906.40951724164,0.002336390841593476,6.7,0.8,2.8,1.1,8.8,-0.6,1,0.09602064937029753,1,-0.988984369786929
Mark Williams,2022-23,CHO,C,21,3722040,3440700.9772535646,281339.02274643537,0.0022751932614648446,9.0,0.4,7.1,2.8,19.8,0.4,1,0.045214342551947506,1,-1.0011220634036095
Kevin Knox,2022-23,POR,SF-PF,23,3000000,2725510.8308674768,274489.16913252324,0.00221979838366846,6.6,0.5,2.8,0.7,11.1,-0.4,1,0.09385774055049279,1,-0.9820004928724142
Kevon Looney,2022-23,GSW,C,26,8000000,7729186.256048355,270813.74395164475,0.002190075160338395,7.0,2.5,9.3,8.7,17.8,2.0,-1,-0.005842337754709437,1,-1.0655029238837934
Jalen Smith,2022-23,IND,C,22,4670160,4414062.20908911,256097.79091089033,0.002071067008296394,9.4,1.0,5.8,2.3,15.9,0.0,1,0.08224805393908485,1,-0.9786808639288902
Shake Milton,2022-23,PHI,SG,26,1997718,1748831.408193558,248886.591806442,0.002012749923629792,8.4,3.2,2.5,2.9,12.7,0.0,1,0.09719747137762652,1,-0.9789340127943594
Taurean Prince,2022-23,MIN,PF,28,7100000,6865007.966757345,234992.033242655,0.0019003844021079144,9.1,1.6,2.4,1.3,10.0,-0.4,1,0.0964862498334571,1,-0.9800011615473311
Jaylin Williams,2022-23,OKC,C,20,2000000,1770695.420350906,229304.57964909403,0.001854389872217815,5.9,1.6,4.9,1.9,11.2,0.1,1,0.08806709454454098,1,-1.0454785241195161
Domantas Sabonis,2022-23,SAC,C,26,21100000,20919528.788683996,180471.2113160044,0.0014594736267518615,19.1,7.3,12.3,12.6,23.5,5.4,-1,-0.06301200277753205,-1,-1.2770221417235206
Kai Jones,2022-23,CHO,C,22,2909040,2759837.589701443,149202.41029855702,0.0012066023233881125,3.4,0.3,2.7,0.7,10.8,-0.3,1,0.049212351674657207,1,-1.019274690954824
Zeke Nnaji,2022-23,DEN,PF,22,2617800,2473519.4113435773,144280.58865642268,0.0011667994715654287,5.2,0.3,2.6,1.6,12.5,-0.3,1,0.08574945187947725,1,-0.9878495753813648
Cory Joseph,2022-23,DET,PG,31,5155500,5033335.957018742,122164.04298125766,0.0009879426062937846,6.9,3.5,1.7,1.8,12.1,0.2,1,0.07291783591936823,1,-1.0139039811858583
Maxi Kleber,2022-23,DAL,PF,31,9000000,8878137.625396665,121862.37460333481,0.000985503009205732,5.9,1.4,3.6,1.3,8.7,0.0,1,0.03974893856810324,1,-1.0729748677169344
Bennedict Mathurin,2022-23,IND,SG,20,6586800,6471493.462561465,115306.53743853513,0.0009324858472244124,16.7,1.5,4.1,1.8,13.1,-1.0,1,0.0666797801231605,1,-1.0437431516245763
Lamar Stevens,2022-23,CLE,SF,25,1782621,1674261.9435919968,108359.0564080032,0.0008763014549189544,5.3,0.5,3.3,1.9,9.5,-0.2,1,0.08287797406738223,1,-0.9837912175961963
Jalen Williams,2022-23,OKC,SG,21,4341480,4262335.929175876,79144.07082412392,0.000640039390434062,14.1,3.3,4.5,5.6,15.6,1.3,1,0.07391895728573716,1,-1.0331670201081142
Frank Ntilikina,2022-23,DAL,SG,24,2036318,1962276.4483274494,74041.55167255062,0.000598775234908016,2.9,1.2,1.3,-0.1,5.2,-0.7,1,0.03463795467734854,1,-1.0769800675817103
Alex Caruso,2022-23,CHI,PG,28,9030000,8959304.493396757,70695.50660324283,0.0005717157139075862,5.6,2.9,2.9,3.6,11.5,1.2,1,0.0309440325705152,1,-1.0979669004198602
Bones Hyland,2022-23,LAC,PG,22,2201520,2134902.019482809,66617.98051719088,0.000538740694005023,11.8,3.1,2.4,1.4,14.9,0.3,1,0.05488158612064542,1,-1.0170661508880685
MarJon Beauchamp,2022-23,MIL,SF,22,2485200,2422696.0521529564,62503.94784704363,0.0005054704447619886,5.1,0.7,2.2,0.4,8.2,-0.5,1,0.07990591924765267,1,-1.0107772955037269
Josh Green,2022-23,DAL,SG,22,3098400,3056265.829785521,42134.17021447886,0.0003407397211150284,9.1,1.7,3.0,2.6,11.2,-0.2,1,0.10144421736917131,1,-0.9795334857534106
Reggie Bullock,2022-23,DAL,SF,31,10012800,10006206.423521694,6593.576478306204,5.3322360424615245e-05,7.2,1.4,3.6,2.8,7.7,-0.4,1,0.046790371239570194,1,-1.0621216377391365
Deni Avdija,2022-23,WAS,SF,22,4916160,4912791.182958665,3368.817041334696,2.7243678309286923e-05,9.2,2.8,6.4,2.3,11.2,-0.1,1,0.08188060434790562,1,-1.0146179552092742
Darius Bazley,2022-23,PHO,C,22,4264628,4263841.16270589,786.837294110097,6.3631660192492445e-06,5.2,0.9,3.2,1.0,13.1,0.2,1,0.07595271602460413,1,-1.002914201023811
Malachi Flynn,2022-23,TOR,PG,24,2145720,2148996.2459420715,-3276.245942071546,-2.6495054321066386e-05,4.6,1.3,1.4,0.5,8.7,-0.4,1,0.06892880904100013,1,-1.0330901646216901
James Harden,2022-23,PHI,PG,33,33000000,33006083.608367242,-6083.608367241919,-4.9198240000325466e-05,21.0,10.7,6.1,8.4,21.6,4.0,-1,-0.027843230963202847,1,-1.0815627958757656
Monte Morris,2022-23,WAS,PG,27,9125000,9145164.152144907,-20164.152144907042,-0.00016306782697753097,10.3,5.3,3.4,4.2,15.0,1.1,1,0.07312200847510208,1,-0.9896763199301393
Buddy Hield,2022-23,IND,SF,30,21177750,21218499.76280381,-40749.76280381158,-0.00032954399582557636,16.8,2.8,5.0,4.4,15.4,2.4,1,0.06042293703900525,1,-1.0670084039051568
Andrew Nembhard,2022-23,IND,SG,23,2244111,2288618.0713409423,-44507.07134094229,-0.0003599294111919643,9.5,4.5,2.7,1.2,10.0,-0.6,1,0.08242478667587327,1,-1.0320130555250133
Tre Mann,2022-23,OKC,PG,21,3046200,3104280.6704952107,-58080.67049521068,-0.00046969932873891854,7.7,1.8,2.3,0.5,10.0,-0.6,1,0.081023306389717,1,-1.0418787676395342
Raul Neto,2022-23,CLE,PG,30,2463490,2535200.6282955916,-71710.62829559157,-0.0005799250195753641,3.3,1.6,1.0,1.5,12.6,0.2,1,0.04506559658320047,1,-1.0753480420539356
Jarred Vanderbilt,2022-23,UTA,PF,23,4374000,4446848.042181912,-72848.04218191188,-0.0005891233042085789,7.9,2.4,7.5,5.2,15.1,1.5,1,0.06061025980199519,1,-1.0877868077171051
Killian Hayes,2022-23,DET,PG,21,5837760,5942293.99298776,-104533.99298776034,-0.0008453681047087477,10.3,6.2,2.9,-0.5,10.2,-1.0,-1,-0.0005237628134490135,-1,-1.131509947481789
Bryce McGowens,2022-23,CHO,SG,20,1461055,1577768.064910157,-116713.06491015689,-0.0009438604578072621,5.3,1.2,2.0,0.1,7.2,-0.8,1,0.07299999786070566,1,-1.0363929116795045
Jeremiah Robinson-Earl,2022-23,OKC,PF,22,2000000,2127879.6087033357,-127879.60870333575,-0.0010341644794253022,6.8,1.0,4.2,1.9,13.0,0.1,1,0.08995072224340378,1,-0.9865458795538334
Bruce Brown,2022-23,DEN,SF,26,6479000,6631917.127604723,-152917.12760472298,-0.0012366433027756474,11.5,3.4,4.1,4.3,13.3,0.9,1,0.08692527235522096,1,-1.0225574832915187
Paolo Banchero,2022-23,ORL,PF,20,11055120,11220925.334650481,-165805.33465048112,-0.0013408704431723817,20.0,3.7,6.9,2.4,14.9,0.3,1,0.04885667349261902,1,-1.0763939869531984
Austin Reaves,2022-23,LAL,SG,24,1563518,1729796.7207624358,-166278.7207624358,-0.0013446987243737486,13.0,3.4,3.0,5.4,14.9,1.2,1,0.08575860491727166,1,-1.0134588208661641
Corey Kispert,2022-23,WAS,SF,23,3552840,3733215.2651464087,-180375.2651464087,-0.001458697708514891,11.1,1.2,2.8,3.8,11.5,0.2,1,0.07551715066630621,1,-1.0170362290644417
Terrence Ross,2022-23,PHO,SG,31,11500000,11728876.616266659,-228876.61626665853,-0.0018509289253702543,8.3,1.5,2.4,1.6,10.2,0.0,1,0.10219641278014097,1,-0.9988177139752267
Oshae Brissett,2022-23,IND,PF,24,1846738,2096047.92443257,-249309.92443257011,-0.0020161734214756387,6.1,0.7,3.4,1.1,10.6,-0.3,1,0.09786509405017035,1,-0.9792646659643849
Max Christie,2022-23,LAL,SG,19,1017781,1272913.8919158457,-255132.89191584568,-0.0020632638544001124,3.1,0.5,1.8,0.6,7.4,-0.1,1,0.034950330200742896,1,-1.095735970799921
Aaron Gordon,2022-23,DEN,PF,27,20690909,20953849.611349475,-262940.61134947464,-0.002126405008689297,16.3,3.0,6.6,6.8,19.5,2.1,1,0.06684214007936562,1,-1.056275473636029
Cedi Osman,2022-23,CLE,SF,27,7426088,7704771.144185084,-278683.1441850839,-0.0022537151282607526,8.7,1.5,2.3,3.3,12.0,0.5,1,0.09758740041952896,1,-0.9777710910523887
De'Aaron Fox,2022-23,SAC,PG,25,30351780,30642477.302940704,-290697.3029407039,-0.002350873825892219,25.0,6.1,4.2,7.4,21.8,2.7,1,0.043440460025332805,1,-1.0103320746446898
Terry Rozier,2022-23,CHO,SG,28,21486316,21778086.06151747,-291770.0615174696,-0.002359549241983505,21.1,5.1,4.1,1.7,14.7,0.8,1,0.058801616411048085,1,-1.016434817311201
Payton Pritchard,2022-23,BOS,PG,25,2239200,2531344.7717637494,-292144.7717637494,-0.0023625795298511942,5.6,1.3,1.8,0.6,10.3,-0.2,1,0.07068353963943852,1,-1.048012373126342
Naz Reid,2022-23,MIN,C,23,1930681,2227852.682991961,-297171.682991961,-0.002403232242868956,11.5,1.1,4.9,3.0,18.5,1.0,1,0.06026586139414081,1,-0.9678524793038406
Edmond Sumner,2022-23,BRK,SG,27,1968175,2276043.43133758,-307868.4313375801,-0.0024897370210471073,7.1,1.3,1.5,1.3,14.0,-0.1,1,0.09149098757878532,1,-0.9855461226768961
Trendon Watford,2022-23,POR,PF,22,1563518,1893180.8045679966,-329662.80456799665,-0.0026659884725081604,7.4,2.1,3.8,2.1,13.6,0.1,1,0.10353397641969125,1,-0.9842463802675863
Naji Marshall,2022-23,NOP,SF,25,1782621,2125462.7138332264,-342841.71383322636,-0.0027725665264908533,9.1,2.5,3.6,2.5,11.4,0.1,1,0.10403013306979148,1,-0.9594801930668456
CJ McCollum,2022-23,NOP,SG,31,33333333,33682814.2783429,-349481.27834290266,-0.0028262607928745687,20.9,5.7,4.4,4.3,15.6,1.9,1,0.05238529967751543,1,-1.0191323583028524
Anthony Davis,2022-23,LAL,C,29,37980720,38330821.817302905,-350101.817302905,-0.00283127910155595,25.9,2.6,12.5,9.0,27.8,4.0,-1,-0.07047198615775752,-1,-1.2472582589450738
Jabari Walker,2022-23,POR,SF,20,1017781,1384446.1705519424,-366665.1705519424,-0.002965227209186386,3.9,0.6,2.3,0.2,9.6,-0.6,1,0.042236809394139374,1,-1.0299298603161595
Jrue Holiday,2022-23,MIL,PG,32,34319520,34688264.659699,-368744.6596990004,-0.002982044071804635,19.3,7.4,5.1,6.7,19.2,2.8,1,0.032123825347585955,1,-1.0287804759944863
Jalen Johnson,2022-23,ATL,SF,21,2792640,3165753.7713056467,-373113.77130564675,-0.0030173771485637185,5.6,1.2,4.0,2.1,14.1,0.6,1,0.08268219836511254,1,-1.0035561463946086
Bobby Portis,2022-23,MIL,PF,27,10843350,11217961.7798515,-374611.77985149994,-0.0030294915680845885,14.1,1.5,9.6,5.3,17.8,1.2,1,0.03862651020000363,1,-1.1069362306726584
Yuta Watanabe,2022-23,BRK,SF,28,1968175,2367157.93388014,-398982.9338801401,-0.0032265814878503912,5.6,0.8,2.4,2.1,12.1,0.3,1,0.08987366415318082,1,-1.0001914749299359
Donte DiVincenzo,2022-23,GSW,SG,26,4500000,4915245.567876361,-415245.5678763613,-0.0033580976739829432,9.4,3.5,4.5,4.2,12.8,1.3,1,0.0800941350337443,1,-1.0433247913787727
Andre Drummond,2022-23,CHI,C,29,3200000,3619292.983194393,-419292.9831943931,-0.0033908291876138703,6.0,0.5,6.6,2.8,20.8,0.3,1,0.016991579412287405,-1,-1.2120874210563195
Jarrett Allen,2022-23,CLE,C,24,20000000,20435712.361448184,-435712.36144818366,-0.003523612967111567,14.3,1.7,9.8,9.5,19.9,2.4,1,0.031506004612603666,1,-1.033395337673603
Saddiq Bey,2022-23,ATL,SF,23,2959080,3431237.8519580006,-472157.85195800057,-0.0038183482427560575,13.8,1.5,4.7,3.9,14.6,0.9,1,0.09132730516726706,1,-0.983077760751106
Scottie Barnes,2022-23,TOR,SF,21,7644600,8120245.319475563,-475645.31947556324,-0.0038465514494000486,15.3,4.8,6.6,5.0,15.5,1.6,1,0.04702987710191753,1,-1.0935904027929475
Clint Capela,2022-23,ATL,C,28,18206896,18718453.13154925,-511557.13154925033,-0.0041369708588350484,12.0,0.9,11.0,7.2,22.1,1.8,1,0.02207006170131931,1,-1.0206462068798348
Daniel Gafford,2022-23,WAS,C,24,1930681,2444811.357703737,-514130.357703737,-0.004157780580677992,9.0,1.1,5.6,6.1,19.7,1.2,1,0.04675872341870979,1,-1.0208826473471049
Kentavious Caldwell-Pope,2022-23,DEN,SG,29,14004703,14552013.57988021,-547310.5798802096,-0.004426109578102064,10.8,2.4,2.7,4.5,11.5,0.6,1,0.06607101207791072,1,-1.084908581700493
Chuma Okeke,2022-23,ORL,SF,24,3433320,3981827.262383334,-548507.2623833339,-0.004435787169005164,4.7,1.4,3.6,0.7,9.1,0.1,1,0.05515486365473926,1,-1.052469665352941
Anthony Lamb,2022-23,GSW,SF,25,694878,1247745.2539633014,-552867.2539633014,-0.0044710464919599,6.7,1.5,3.5,2.4,10.9,0.3,1,0.10859927017608051,1,-0.9706496908940496
Drew Eubanks,2022-23,POR,C,25,1968175,2522458.038369407,-554283.038369407,-0.004482495963522758,6.6,1.3,5.4,4.4,16.2,0.8,1,0.0662889500378645,1,-0.9923958789159973
Dean Wade,2022-23,CLE,PF,26,1930681,2498312.721066099,-567631.7210660991,-0.004590446978012204,4.7,0.8,3.4,1.8,8.5,0.3,1,0.06134862417126735,1,-0.9958381316831335
Victor Oladipo,2022-23,MIA,SG,30,8750000,9326405.228287391,-576405.2282873914,-0.004661398473878059,10.7,3.5,3.0,0.6,10.6,0.0,1,0.04202069471690073,-1,-1.1470556286814728
Jevon Carter,2022-23,MIL,PG,27,6025000,6611252.972047877,-586252.9720478766,-0.004741037338141414,8.0,2.4,2.5,3.5,10.9,0.6,1,0.08688465230780296,1,-1.0357637240898308
Austin Rivers,2022-23,MIN,SG,30,2905851,3525286.46610629,-619435.46610629,-0.005009384708311755,4.9,1.4,1.6,1.3,7.4,-0.2,1,0.0577641620262056,1,-1.0427646828434252
Pat Connaughton,2022-23,MIL,SF,30,5728393,6352964.4761783425,-624571.4761783425,-0.005050919705457457,7.6,1.3,4.6,2.5,10.0,0.3,1,0.08358206945279617,1,-0.9985278246030163
Chris Paul,2022-23,PHO,PG,37,28400000,29029987.73666704,-629987.7366670407,-0.005094721092289367,13.9,8.9,4.3,6.2,17.7,2.5,-1,-0.025024430544177245,-1,-1.1350921932184226
Jordan Nwora,2022-23,IND,SF,24,2800000,3439193.9914209894,-639193.9914209894,-0.005169172224503575,8.7,1.4,3.7,1.5,12.2,0.0,1,0.10818827843851192,1,-0.9775119738559205
Georges Niang,2022-23,PHI,PF,29,3465000,4107058.820072422,-642058.8200724218,-0.00519234014049106,8.2,1.0,2.4,2.5,10.9,0.2,1,0.10096015907709055,1,-0.986475291114979
Franz Wagner,2022-23,ORL,SF,21,5258280,5912652.967528701,-654372.9675287008,-0.005291924851633184,18.6,3.5,4.1,5.4,15.9,1.3,1,0.06590882790879043,1,-1.0441088245043297
OG Anunoby,2022-23,TOR,SF,25,17357143,18013287.88142562,-656144.8814256191,-0.005306254348191486,16.8,2.0,5.0,4.7,14.6,1.5,1,0.02635353073219243,-1,-1.1594707035370737
Aaron Holiday,2022-23,ATL,PG,26,1968175,2624412.266418168,-656237.2664181679,-0.005307001467131679,3.9,1.4,1.2,0.9,9.4,0.0,1,0.078116511132165,1,-1.0347878913511646
Markelle Fultz,2022-23,ORL,PG,24,16500000,17190862.73937379,-690862.7393737882,-0.0055870182311575645,14.0,5.7,3.9,3.7,16.6,1.2,1,0.06148479402826862,1,-0.9998554404141202
Cam Thomas,2022-23,BRK,SG,21,2138160,2850943.5462515536,-712783.5462515536,-0.005764292153585003,10.6,1.4,1.7,1.0,14.7,-0.2,1,0.077197049841569,1,-1.0276915459995786
Jericho Sims,2022-23,NYK,C,24,1639842,2367311.3218709724,-727469.3218709724,-0.005883056260328919,3.4,0.5,4.7,2.6,13.8,0.3,1,0.03897227864270153,1,-1.0692381684052497
Miles McBride,2022-23,NYK,PG,22,1563518,2299394.042770613,-735876.042770613,-0.005951041549234669,3.5,1.1,0.8,0.7,8.4,-0.1,1,0.03185392598592307,1,-1.08141358160653
Charles Bassey,2022-23,SAS,C,22,2674742,3410920.252840015,-736178.2528400151,-0.005953485526990539,5.7,1.3,5.5,1.3,18.8,0.3,1,0.034302182739579135,1,-1.0294661124612672
Fred VanVleet,2022-23,TOR,PG,28,21250000,22019511.152984433,-769511.1529844329,-0.006223049233629291,19.3,7.2,4.1,6.5,17.0,2.9,1,0.0227117569886624,1,-1.0389391511238713
Zion Williamson,2022-23,NOP,PF,22,13534817,14326863.977076167,-792046.9770761672,-0.006405296810288036,26.0,4.6,7.0,3.6,25.2,1.9,-1,-0.03705132000382416,-1,-1.1572937079286045
Lindy Waters III,2022-23,OKC,SG,25,2316876,3126405.517783212,-809529.517783212,-0.006546678401869815,5.2,0.7,1.8,1.1,11.8,0.3,1,0.07009113189817906,1,-1.032353505326406
Julius Randle,2022-23,NYK,PF,28,23760000,24592979.152704142,-832979.152704142,-0.0067363159815951035,25.1,4.1,10.0,8.1,20.3,3.9,-1,-0.0072528874388246845,1,-1.1147444166438825
Ayo Dosunmu,2022-23,CHI,SG,23,1563518,2399640.854471416,-836122.8544714162,-0.006761739149014727,8.6,2.6,2.8,2.9,10.2,-0.2,1,0.10370223783321814,1,-0.9677811310123612
Sam Hauser,2022-23,BOS,SF,25,1637966,2487154.578601533,-849188.5786015331,-0.0068674018729653705,6.4,0.9,2.6,3.4,12.7,1.0,1,0.07845881331222843,1,-0.9893060854451683
Aaron Wiggins,2022-23,OKC,SG,24,1563518,2443066.046760659,-879548.0467606592,-0.007112919386686015,6.8,1.1,3.0,2.6,12.2,0.0,1,0.1114023957637218,1,-0.973133380446502
Royce O'Neale,2022-23,BRK,SF,29,9200000,10092966.315074217,-892966.3150742166,-0.007221433141192973,8.8,3.7,5.1,2.9,9.2,0.5,1,0.06680309258643491,1,-1.0189625684060961
Jaylen Brown,2022-23,BOS,SF,26,29776785,30688924.339962605,-912139.3399626054,-0.007376485705896274,26.6,3.5,6.9,5.0,19.1,2.0,1,0.024471152884638192,1,-1.0342130935422804
Day'Ron Sharpe,2022-23,BRK,C,21,2109480,3035253.110470562,-925773.1104705618,-0.007486742230161027,4.7,0.8,4.2,1.6,17.8,0.0,1,0.05029369320261784,1,-0.9903184013052616
Mike Conley,2022-23,UTA,PG,35,22680000,23634244.67807756,-954244.6780775599,-0.00771699226135264,11.9,6.7,2.7,5.5,14.7,1.5,1,0.0318333462709931,1,-1.0449374474723867
Aaron Nesmith,2022-23,IND,SF,23,3804360,4769994.597166459,-965634.5971664591,-0.007809102722627144,10.1,1.3,3.8,2.0,10.5,-0.4,1,0.09640882805301931,1,-0.9728160629277234
Usman Garuba,2022-23,HOU,C,20,2471160,3456557.0963126323,-985397.0963126323,-0.007968922375258845,3.0,0.9,4.1,1.8,12.9,0.2,1,0.05351308531986987,1,-1.0732873450061065
Josh Christopher,2022-23,HOU,SG,21,2372160,3359860.0359825147,-987700.0359825147,-0.007987546285896364,5.8,1.1,1.1,0.0,11.5,-0.5,1,0.07471389680402762,1,-1.0123660750860835
Thomas Bryant,2022-23,LAL,C,25,1968175,2976097.7035533795,-1007922.7035533795,-0.008151087328077143,9.8,0.5,5.7,4.1,19.7,0.7,1,0.0663945431679252,1,-0.9802835699986965
LeBron James,2022-23,LAL,PF,38,44474988,45494263.04283702,-1019275.0428370163,-0.008242893880854085,28.9,6.8,8.3,5.6,23.9,4.0,-1,-0.06840407430019202,-1,-1.1778429800552275
Jalen Duren,2022-23,DET,C,19,4124280,5144199.501976023,-1019919.5019760234,-0.008248105632412947,9.1,1.1,8.9,4.5,17.3,0.5,1,0.04811580393198528,1,-0.9737957645509235
Ricky Rubio,2022-23,CLE,PG,32,5853659,6907384.047530791,-1053725.0475307908,-0.008521491630187138,5.2,3.5,2.1,0.7,10.4,-0.1,1,0.0282246167628466,1,-1.063264998842217
Josh Okogie,2022-23,PHO,SG,24,1968175,3029723.87622177,-1061548.87622177,-0.008584763060303018,7.3,1.5,3.5,2.8,13.3,0.6,1,0.09510047025879104,1,-0.9812299694221748
Brandon Ingram,2022-23,NOP,SF,25,31650600,32735665.905357834,-1085065.905357834,-0.008774945658144295,24.7,5.8,5.5,3.5,19.2,1.4,-1,-0.005137707233609179,1,-1.0821899158822843
Kevin Durant,2022-23,PHO,PF,34,44119845,45233546.693273485,-1113701.6932734847,-0.00900652374164801,29.1,5.0,6.7,6.8,25.9,3.9,-1,-0.08544298513006154,-1,-1.19063462223382
Steven Adams,2022-23,MEM,C,29,17926829,19046133.910102148,-1119304.9101021476,-0.00905183704744772,8.6,2.3,11.5,3.4,17.5,0.7,1,0.0022564473345436653,1,-1.0864554751337125
Sandro Mamukelashvili,2022-23,MIL,C,23,1116112,2257221.2592676147,-1141109.2592676147,-0.009228169174458088,6.1,1.4,4.3,0.9,13.4,-0.1,1,0.08189317949490826,1,-1.00181109202823
Juan Toscano-Anderson,2022-23,UTA,SF,29,2133278,3278313.962159944,-1145035.9621599442,-0.009259924484735303,3.0,1.3,2.4,0.5,7.2,-0.3,1,0.05189410852578452,1,-1.0233870973580024
Malik Monk,2022-23,SAC,SG,24,9472219,10622121.07513899,-1149902.0751389898,-0.009299276819691796,13.5,3.9,2.6,3.2,16.6,1.0,1,0.0641954762266273,1,-1.013984890548929
Tre Jones,2022-23,SAS,PG,23,1782621,2973124.4488569065,-1190503.4488569065,-0.009627620790561694,12.9,6.6,3.6,3.4,16.0,0.5,1,0.0619650897447202,1,-1.0057173165990663
Mikal Bridges,2022-23,PHO,SF-SG,26,20100000,21305868.485226814,-1205868.4852268137,-0.009751878090063587,20.1,3.3,4.4,7.5,16.8,2.8,1,0.04341753247733998,1,-1.0635966572623672
Ja Morant,2022-23,MEM,PG,23,12119440,13389002.86143686,-1269562.8614368606,-0.010266975548395618,26.2,8.1,5.9,6.0,23.3,3.8,-1,-0.01964561623018668,1,-1.058093906747316
Tyrese Haliburton,2022-23,IND,PG,22,4215120,5487240.919976819,-1272120.9199768193,-0.010287662609492695,20.7,10.4,3.7,7.6,23.6,4.4,-1,-0.048057866261648874,1,-1.1225769453981624
JT Thor,2022-23,CHO,PF,20,1563518,2840720.1263329242,-1277202.1263329242,-0.010328754408094491,3.8,0.5,2.2,0.2,7.0,-0.7,1,0.050872329971006935,1,-1.0425079358247413
Kyle Anderson,2022-23,MIN,PF,29,8780488,10099114.548094152,-1318626.5480941515,-0.01066375438190248,9.4,4.9,5.3,5.1,14.8,2.2,1,0.041295710417195874,1,-1.1078471117616213
Darius Garland,2022-23,CLE,PG,23,8920794,10260644.203069814,-1339850.2030698135,-0.010835390425537286,21.6,7.8,2.7,7.6,18.8,2.7,1,0.01951469233498343,1,-1.040689282666093
George Hill,2022-23,IND,PG-SG,36,4000000,5340754.627533253,-1340754.6275332533,-0.010842704520911031,5.0,2.4,1.8,1.9,10.6,0.1,1,0.03207105138455374,1,-1.1100060944353616
Blake Wesley,2022-23,SAS,SG,19,2385480,3727697.2653592154,-1342217.2653592154,-0.010854532896843763,5.0,2.7,2.2,-1.6,3.5,-1.3,-1,-0.046381661106628,-1,-1.4102805294172034
Dejounte Murray,2022-23,ATL,SG,26,17071120,18419207.75042477,-1348087.7504247688,-0.010902007605230413,20.5,6.1,5.3,4.7,17.0,2.1,1,0.042150863403894845,1,-1.0233844296440622
Terance Mann,2022-23,LAC,SG,26,1930681,3280655.847431578,-1349974.8474315782,-0.010917268589475379,8.8,2.3,3.4,4.3,13.4,0.8,1,0.10514587935633929,1,-0.9790845495282323
Jordan Poole,2022-23,GSW,PG,23,3901399,5273527.633726893,-1372128.633726893,-0.011096426620249018,20.4,4.5,2.7,3.2,14.6,0.1,1,0.03294695219848548,1,-1.0630678757110616
Max Strus,2022-23,MIA,SF,26,1815677,3191031.176693662,-1375354.176693662,-0.011122511638782596,11.5,2.1,3.2,3.4,10.8,0.2,1,0.09549441848193752,1,-0.9922745746522648
Tari Eason,2022-23,HOU,PF,21,3359160,4736997.400091982,-1377837.4000919824,-0.011142593506869782,9.3,1.1,6.0,2.6,15.2,0.1,1,0.04245140828466526,-1,-1.1828598092606664
Devin Vassell,2022-23,SAS,SG,22,4437000,5829130.831394259,-1392130.831394259,-0.011258184718727582,18.5,3.6,3.9,1.2,15.5,0.7,1,0.06737572404804115,1,-1.035699620230361
JaMychal Green,2022-23,GSW,PF,32,8200000,9596398.989206716,-1396398.9892067164,-0.011292701380507988,6.4,0.9,3.6,2.2,15.5,0.3,1,0.07400438520461994,1,-1.0102955188441398
Justin Holiday,2022-23,ATL,SF,33,5987975,7404725.44514009,-1416750.4451400898,-0.011457283936275035,4.5,0.9,1.2,0.1,6.6,-0.3,1,0.03204067139431338,1,-1.0871443906944611
Jaylen Nowell,2022-23,MIN,SG,23,1930681,3357197.84949541,-1426516.84949541,-0.01153626500744337,10.8,2.0,2.6,1.2,13.7,-0.2,1,0.10175207712119438,1,-0.9946720171166348
Malaki Branham,2022-23,SAS,SG,19,2925600,4358948.275816545,-1433348.275816545,-0.011591510863422787,10.2,1.9,2.7,-0.1,9.5,-1.3,1,0.0756205047805577,1,-1.0035501431383036
Jalen McDaniels,2022-23,CHO,SF,25,1930681,3374224.2868011715,-1443543.2868011715,-0.011673958083386612,9.4,1.6,4.3,2.7,11.8,-0.1,1,0.1020781279129257,1,-0.9930954281753037
Jose Alvarado,2022-23,NOP,PG,24,1563518,3013574.3661781196,-1450056.3661781196,-0.01172662946244082,9.0,3.0,2.3,1.8,11.8,0.3,1,0.07855348031169451,1,-1.0113919342337858
Josh Hart,2022-23,POR,SF,27,12960000,14446831.456587905,-1486831.456587905,-0.012024030217847273,9.8,3.8,7.8,6.0,14.1,1.8,1,0.0380542837663676,1,-1.096699946865436
Christian Koloko,2022-23,TOR,C,22,1500000,2989719.0399621557,-1489719.0399621557,-0.012047382151648987,3.1,0.5,2.9,1.7,11.4,-0.3,1,0.01626711133883718,1,-1.1006246708260357
Bol Bol,2022-23,ORL,PF,23,2200000,3705902.276885459,-1505902.2768854592,-0.012178256252359056,9.1,1.0,5.8,2.3,14.4,0.4,1,0.06416688117201391,1,-1.0590270897611234
Simone Fontecchio,2022-23,UTA,SF,27,3205128,4714355.827612667,-1509227.8276126673,-0.012205150035280964,6.3,0.8,1.7,-0.1,8.0,-0.6,1,0.065418916607898,1,-1.0245394573182534
Norman Powell,2022-23,LAC,SG,29,16758621,18355528.06617456,-1596907.0661745593,-0.012914213466293789,17.0,1.8,2.9,3.5,17.1,0.9,1,0.08436899585913887,1,-1.009378855927903
Jerami Grant,2022-23,POR,PF,28,20955000,22552697.928992853,-1597697.9289928526,-0.01292060918679272,20.5,2.4,4.5,4.1,16.0,1.0,1,0.0645447798921463,1,-1.0602219814701717
AJ Griffin,2022-23,ATL,SF,19,3536160,5142495.424293515,-1606335.4242935153,-0.012990460752040071,8.9,1.0,2.1,2.2,12.6,0.4,1,0.08954770106245197,1,-0.972676854150448
Aleksej Pokusevski,2022-23,OKC,PF,21,3261480,4870474.606222785,-1608994.606222785,-0.01301196559963435,8.1,1.9,4.7,1.0,13.4,0.3,1,0.042472869286528825,-1,-1.1830566049889375
Josh Giddey,2022-23,OKC,PF,20,6287400,7898156.03897965,-1610756.0389796495,-0.013026210335042254,16.6,6.2,7.9,4.0,17.1,1.9,1,0.023104928796465418,-1,-1.1401301965633104
Harrison Barnes,2022-23,SAC,PF,30,18352273,19990382.31713116,-1638109.3171311617,-0.013247416741184431,15.0,1.6,4.5,6.5,14.1,0.7,1,0.065115058484287,1,-1.039894831582918
Joel Embiid,2022-23,PHI,C,28,33616770,35332173.79973784,-1715403.799737841,-0.013872498481564355,33.1,4.2,10.2,12.3,31.4,6.4,-1,-0.12655507367340668,-1,-1.3542241910933828
Keldon Johnson,2022-23,SAS,SF,23,3873024,5635733.171123812,-1762709.171123812,-0.01425505779081971,22.0,2.9,5.0,1.3,15.3,0.1,1,0.05800143317323003,1,-1.0572933234341035
Jordan Goodwin,2022-23,WAS,PG,24,1280206,3060856.7601630497,-1780650.7601630497,-0.014400151713744286,6.6,2.7,3.3,2.2,14.8,0.8,1,0.07982312548693538,1,-1.0086247338414815
Precious Achiuwa,2022-23,TOR,C,23,2840160,4633200.890443126,-1793040.8904431257,-0.014500350899220624,9.2,0.9,6.0,2.2,15.2,-0.1,1,0.10082777536693183,1,-0.9819429635377277
Keita Bates-Diop,2022-23,SAS,PF,27,1878720,3678785.741366998,-1800065.7413669978,-0.014557160983114293,9.7,1.5,3.7,2.7,14.9,0.5,1,0.10859227168769597,1,-0.9922726702908667
Rudy Gay,2022-23,UTA,PF,36,6184500,7984615.137226775,-1800115.1372267753,-0.014557560448237236,5.2,1.0,2.9,0.3,9.0,-0.4,1,0.045893131116885866,1,-1.1165025705245002
Tyler Herro,2022-23,MIA,SG,23,5722116,7548807.310769035,-1826691.3107690345,-0.014772482396741213,20.1,4.2,5.4,3.5,15.3,1.6,1,0.07414441934957372,1,-1.0104274096945125
Quentin Grimes,2022-23,NYK,SG,22,2277000,4126517.790050319,-1849517.790050319,-0.014957080506654147,11.3,2.1,3.2,4.8,11.7,1.0,1,0.09993843848530953,1,-0.9765139142947948
LaMelo Ball,2022-23,CHO,PG,21,8623920,10510325.294766989,-1886405.2947669886,-0.015255390358392198,23.3,8.4,6.4,1.8,17.9,1.4,-1,-0.029200902467855117,1,-1.0916959333984726
Walker Kessler,2022-23,UTA,C,21,2696400,4601224.008958465,-1904824.0089584654,-0.01540434280019785,9.2,0.9,8.4,7.1,21.5,2.1,-1,-0.03531016546110677,-1,-1.181581905115952
Immanuel Quickley,2022-23,NYK,SG,23,2316240,4222264.997221432,-1906024.9972214317,-0.015414055211850974,14.9,3.4,4.2,6.7,16.3,2.1,1,0.07421772992324038,1,-1.0062295961095165
Marcus Smart,2022-23,BOS,PG,28,17207142,19114421.96451234,-1907279.9645123407,-0.015424204152782672,11.5,6.3,3.1,3.7,12.1,0.5,1,0.05612942156593881,1,-1.014783859232679
Eugene Omoruyi,2022-23,OKC,SF,25,1013119,2936347.4768396136,-1923228.4768396136,-0.01555318003185972,7.0,0.7,2.8,0.6,10.9,-0.4,1,0.08006096427084702,1,-1.0171014423798854
Mason Plumlee,2022-23,CHO,C,32,9080417,11014449.126770303,-1934032.1267703027,-0.015640549324898334,10.8,3.1,8.9,7.9,19.6,2.2,1,0.022929712686979853,1,-1.0625792747649347
Isaiah Stewart,2022-23,DET,C,21,3433320,5377179.30378177,-1943859.3037817702,-0.01572002186552723,11.3,1.4,8.1,2.0,13.1,0.0,1,0.07271566722769274,1,-0.9764626716107501
John Konchar,2022-23,MEM,SF,26,2300000,4247674.7186951395,-1947674.7186951395,-0.01575087718810513,5.1,1.4,4.3,3.5,10.8,0.9,1,0.06010505975938596,1,-1.0839296443548385
Mike Muscala,2022-23,OKC,C,31,3500000,5452744.844374671,-1952744.8443746706,-0.01579187937709491,6.1,0.8,3.2,2.5,13.0,0.4,1,0.07692223154917033,1,-1.0394426648623782
Caleb Martin,2022-23,MIA,SF,27,6479000,8475173.76121834,-1996173.7612183392,-0.01614308973529853,9.6,1.6,4.8,3.7,11.4,0.4,1,0.09985612797340399,1,-0.990130512084038
Rodney McGruder,2022-23,DET,SG,31,2298385,4316055.670613799,-2017670.6706137992,-0.01631693559187901,5.7,0.9,2.3,0.7,10.7,0.1,1,0.050115351718688805,1,-1.0989266086181197
Jaden Hardy,2022-23,DAL,SG,20,1017781,3056263.962247997,-2038482.962247997,-0.016485244933468098,8.8,1.4,1.9,0.7,14.6,0.0,1,0.07876928238880548,1,-1.0323988158570996
Nick Richards,2022-23,CHO,C,25,1782621,3850848.382577598,-2068227.382577598,-0.016725788545368957,8.2,0.6,6.4,4.2,18.3,0.2,1,0.05625248140771716,1,-0.9746359835792902
Reggie Jackson,2022-23,LAC,PG,32,11457217,13542962.276940728,-2085745.2769407276,-0.016867456042543583,10.2,3.4,2.1,0.6,10.0,-0.8,1,0.0499740418460527,1,-1.0118456524805757
Draymond Green,2022-23,GSW,PF,32,25806468,27966134.97978222,-2159666.97978222,-0.017465262058001862,8.5,6.8,7.2,4.7,12.2,1.6,1,0.003199359651128053,-1,-1.2222977448257946
Jaden Ivey,2022-23,DET,SG,20,7252200,9416649.117510516,-2164449.117510516,-0.017503935283737136,16.3,5.2,3.9,0.0,12.1,-0.7,1,0.023260060337278676,-1,-1.1364296558599123
Gabe Vincent,2022-23,MIA,PG,26,1815677,4114382.0217598737,-2298705.0217598737,-0.01858966496914701,9.4,2.5,2.1,1.4,9.0,-0.6,1,0.08012086797392648,1,-1.0162267080363212
Isaiah Livers,2022-23,DET,PF,24,1563518,3885325.295556759,-2321807.295556759,-0.018776493433801777,6.7,0.8,2.8,1.0,8.4,-0.1,1,0.08776039130429353,1,-0.9879934024773365
Alec Burks,2022-23,DET,SG,31,10012800,12369006.145396143,-2356206.145396143,-0.019054677492993763,12.8,2.2,3.1,2.5,16.5,0.9,1,0.08231412257857917,1,-1.0224841947947272
Joe Ingles,2022-23,MIL,SF,35,6479000,8877439.166603971,-2398439.1666039713,-0.019396216623702806,6.9,3.3,2.8,2.3,10.7,0.3,1,0.03835331926399377,1,-1.1278017231170037
Bismack Biyombo,2022-23,PHO,C,30,2905851,5330224.933121022,-2424373.933121022,-0.01960595150314198,4.3,0.9,4.3,1.9,14.4,0.2,1,0.036388593064648644,-1,-1.1322785244360796
Jaden McDaniels,2022-23,MIN,SF,22,2161440,4713007.848506065,-2551567.848506065,-0.02063457076952865,12.1,1.9,3.9,4.4,12.0,0.5,1,0.07284824518620359,1,-1.0135494840751123
Kyle Kuzma,2022-23,WAS,PF,27,13000000,15557602.215636669,-2557602.2156366687,-0.020683370794845904,21.2,3.7,7.2,0.9,14.3,0.2,1,0.03794115722105351,1,-1.0947489745412258
Spencer Dinwiddie,2022-23,DAL,SG-PG,29,19500000,22112199.733212035,-2612199.733212035,-0.021124901809162877,17.3,6.5,3.4,6.3,16.0,1.8,1,0.06106919764814206,1,-1.0155901995546484
Blake Griffin,2022-23,BOS,C,33,2905851,5617256.501600589,-2711405.5016005887,-0.021927180474712617,4.1,1.5,3.8,1.8,13.1,0.3,1,0.05578007069646074,1,-1.0994908107140013
Wesley Matthews,2022-23,MIL,SF,36,2905851,5753360.726298228,-2847509.726298228,-0.023027857557706744,3.4,0.7,2.2,1.2,7.0,-0.1,1,0.018096457741805072,-1,-1.1315294875429187
Jalen Brunson,2022-23,NYK,PG,26,27733332,30632035.244869605,-2898703.2448696047,-0.02344186037660914,24.0,6.2,3.5,8.7,21.2,3.5,1,0.032704118030592644,1,-1.0215419072597807
De'Andre Hunter,2022-23,ATL,SF,25,9835881,12772636.030098347,-2936755.030098347,-0.023749585783820693,15.4,1.4,4.2,2.5,11.5,-0.7,1,0.07647606875825008,1,-0.9688535435901867
Cameron Johnson,2022-23,PHO,PF,26,5887899,8841703.058864659,-2953804.0588646587,-0.02388746155727353,15.5,1.9,4.4,3.5,17.1,1.4,1,0.0563445848738639,1,-1.1109353567293494
Jeff Green,2022-23,DEN,PF,36,4500000,7528732.2865762785,-3028732.2865762785,-0.02449340735575818,7.8,1.2,2.6,1.7,11.0,-0.4,1,0.06066033116635222,1,-1.0846291221624527
Dillon Brooks,2022-23,MEM,SF,27,11400000,14541016.798416378,-3141016.798416378,-0.02540145403272312,14.3,2.6,3.3,1.6,9.4,-1.1,1,0.07070375820602642,1,-0.9922071724970761
Damion Lee,2022-23,PHO,SG,30,2133278,5403115.733754453,-3269837.7337544532,-0.0264432310359828,8.2,1.3,3.0,2.6,10.7,0.1,1,0.0983417470022116,1,-0.9865340453333836
Kenrich Williams,2022-23,OKC,PF,28,2000000,5304926.487751134,-3304926.4877511337,-0.026726994361337058,8.0,2.0,4.9,3.3,14.4,0.8,1,0.09678339838634359,1,-0.9943492814071
Zach Collins,2022-23,SAS,C,25,7350000,10729410.311769681,-3379410.311769681,-0.027329346259914122,11.6,2.9,6.4,2.2,16.4,0.6,1,0.07177594873055043,1,-1.006623162414317
Tyrese Maxey,2022-23,PHI,SG,22,2726880,6228318.690151057,-3501438.690151057,-0.028316191744377966,20.3,3.5,2.9,5.4,17.0,1.3,1,0.07015125168249703,1,-1.0105025381714292
Seth Curry,2022-23,BRK,SG,32,8496653,12255412.9053378,-3758759.9053377993,-0.03039715260472929,9.2,1.6,1.6,1.8,12.3,0.0,1,0.09133327938132402,1,-1.0084909009648824
Cameron Payne,2022-23,PHO,PG,28,6000000,9805744.301140318,-3805744.3011403177,-0.030777116179210848,10.3,4.5,2.2,1.1,13.2,0.2,1,0.04913622586672617,1,-0.9951379976903763
Kris Dunn,2022-23,UTA,PG,28,1000001,5026823.332830042,-4026822.3328300416,-0.03256497782402686,13.2,5.6,4.5,1.9,19.1,0.6,1,0.029680219418556253,1,-1.0550709954830346
Jordan Clarkson,2022-23,UTA,SG,30,13340000,17490004.09807573,-4150004.098075729,-0.03356115076685723,20.8,4.4,4.0,1.7,14.7,0.3,1,0.03793783116142396,1,-1.0535181261492403
Jakob Poeltl,2022-23,TOR,C,27,9398148,13572965.529158184,-4174817.5291581843,-0.03376181738836427,12.5,2.7,9.1,6.0,21.0,1.9,1,0.03458640307344524,1,-1.020642484577126
Torrey Craig,2022-23,PHO,PF,32,5121951,9645486.368334496,-4523535.368334496,-0.036581904236258116,7.4,1.5,5.4,4.0,11.6,0.7,1,0.07236433301072592,1,-1.015084939573853
Lauri Markkanen,2022-23,UTA,PF,25,16475454,21506116.541482076,-5030662.541482076,-0.040683049949311184,25.6,1.9,8.6,8.2,22.1,3.3,1,0.002095051253796276,1,-1.0987341504547954
Kelly Olynyk,2022-23,UTA,C,31,12804878,17846020.503717814,-5041142.503717814,-0.040767801574686124,12.5,3.7,6.2,4.3,14.4,1.2,1,0.04692381520095623,1,-1.0963216170937373
Brook Lopez,2022-23,MIL,C,34,13906976,19170022.175810162,-5263046.175810162,-0.04256234018689227,15.9,1.3,6.7,8.0,18.4,2.5,-1,-0.032685997004196166,-1,-1.2506107891915876
DeMar DeRozan,2022-23,CHI,SF,33,27300000,32574057.040250774,-5274057.0402507745,-0.04265138522704923,24.5,5.1,4.6,8.5,20.6,2.6,1,0.01445617028095314,1,-1.0434995325906693
Desmond Bane,2022-23,MEM,SG,24,2130240,10453578.980368065,-8323338.980368065,-0.06731097796585714,21.5,4.4,5.0,5.8,19.1,2.5,1,0.059383406553141116,1,-1.0051933430197442
