Player Name,Position,Age,Team,GP,GS,MP,FG%,3P%,FT%,TRB,AST,STL,BLK,TOV,PF,PTS,PER,TS%,USG%,OWS,DWS,WS,WS/48,OBPM,DBPM,BPM,VORP,Salary,Total Minutes
Dwight Powell,C,30.0,DAL,82.0,71.0,21.9,0.671,0.351,0.783,4.9,1.2,0.5,0.5,0.8,2.7,8.7,18.1,0.725,14.0,6.0,2.2,8.2,0.219,0.4,0.5,0.9,1.3,11080125,1796.0
Deni Avdija,SF,21.0,WAS,82.0,8.0,24.2,0.432,0.317,0.757,5.2,2.0,0.7,0.5,1.1,2.3,8.4,11.6,0.536,16.3,0.6,1.8,2.4,0.058,-2.1,0.4,-1.7,0.1,4692840,1984.0
Saddiq Bey,SF,22.0,DET,82.0,82.0,33.0,0.396,0.346,0.827,5.4,2.8,0.9,0.2,1.2,1.6,16.1,14.0,0.529,21.3,2.4,1.6,4.0,0.071,0.9,-1.2,-0.3,1.2,2824320,2706.0
Kevon Looney,C,25.0,GSW,82.0,80.0,21.1,0.571,0.0,0.6,7.3,2.0,0.6,0.6,0.8,2.6,6.0,15.7,0.586,12.2,3.5,3.2,6.8,0.187,-0.9,1.7,0.9,1.3,5178572,1730.0
Mikal Bridges,SF,25.0,PHO,82.0,82.0,34.8,0.534,0.369,0.834,4.2,2.3,1.2,0.4,0.8,1.8,14.2,14.4,0.627,15.0,5.2,3.7,8.9,0.15,0.5,1.1,1.6,2.6,5557725,2854.0
Alec Burks,SG,30.0,NYK,81.0,44.0,28.6,0.391,0.404,0.822,4.9,3.0,1.0,0.3,1.1,2.7,11.7,13.7,0.559,17.7,3.2,2.9,6.1,0.126,-0.4,1.2,0.8,1.7,9536000,2317.0
Buddy Hield,SG,29.0,2TM,81.0,32.0,30.9,0.406,0.366,0.874,4.4,2.8,0.9,0.3,1.9,2.3,15.6,12.9,0.548,22.4,0.8,1.1,1.9,0.036,0.5,-1.7,-1.2,0.5,22768890,2503.0
Patty Mills,SG,33.0,BRK,81.0,48.0,29.0,0.408,0.4,0.814,1.9,2.3,0.6,0.2,0.9,1.4,11.4,10.4,0.563,16.4,1.9,0.9,2.8,0.058,-0.3,-1.4,-1.7,0.2,5890000,2349.0
Terance Mann,SF,25.0,LAC,81.0,33.0,28.6,0.484,0.365,0.78,5.2,2.6,0.7,0.3,1.0,2.2,10.8,13.4,0.572,16.0,3.1,2.4,5.5,0.113,-0.8,0.2,-0.6,0.8,1782621,2317.0
Evan Fournier,SG,29.0,NYK,80.0,80.0,29.5,0.417,0.389,0.708,2.6,2.1,1.0,0.3,1.3,2.3,14.1,12.3,0.554,20.8,1.5,2.2,3.7,0.075,-0.4,-0.3,-0.7,0.7,17000000,2360.0
Dorian Finney-Smith,PF,28.0,DAL,80.0,80.0,33.1,0.471,0.395,0.675,4.7,1.9,1.1,0.5,1.0,2.3,11.0,12.5,0.604,13.8,3.4,3.2,6.6,0.121,0.1,0.7,0.8,1.9,4000000,2648.0
Miles Bridges,PF,23.0,CHO,80.0,80.0,35.5,0.491,0.331,0.802,7.0,3.8,0.9,0.8,1.9,2.4,20.2,17.9,0.593,22.6,5.0,2.3,7.2,0.123,1.8,-0.3,1.5,2.5,5421493,2840.0
Chris Boucher,SF,29.0,TOR,80.0,9.0,21.1,0.464,0.297,0.777,6.2,0.3,0.6,0.9,0.5,2.2,9.4,17.9,0.57,17.8,3.5,2.4,6.0,0.169,0.5,-0.4,0.1,0.9,7020000,1688.0
Duncan Robinson,SG,27.0,MIA,79.0,68.0,25.9,0.399,0.372,0.836,2.6,1.6,0.5,0.2,0.8,2.5,10.9,10.6,0.573,17.7,1.9,2.0,3.9,0.092,-0.3,-0.3,-0.6,0.7,15650000,2046.0
Malik Beasley,SG,25.0,MIN,79.0,18.0,25.0,0.391,0.377,0.817,2.9,1.5,0.5,0.2,0.5,1.1,12.1,11.9,0.544,19.4,1.7,1.2,2.9,0.069,0.7,-1.5,-0.7,0.7,14491964,1975.0
Franz Wagner,SF,20.0,ORL,79.0,79.0,30.7,0.468,0.354,0.863,4.5,2.9,0.9,0.4,1.5,2.1,15.2,14.7,0.559,21.2,2.1,1.9,4.0,0.079,-0.4,-0.3,-0.7,0.8,5007840,2425.0
Jordan Clarkson,SG,29.0,UTA,79.0,1.0,27.1,0.419,0.318,0.828,3.5,2.5,0.8,0.2,1.6,1.9,16.0,14.9,0.532,26.8,1.5,2.0,3.5,0.079,0.5,-1.2,-0.6,0.7,12420000,2141.0
Jalen Brunson,SG,25.0,DAL,79.0,61.0,31.9,0.502,0.373,0.84,3.9,4.8,0.8,0.0,1.6,1.9,16.3,17.1,0.583,21.9,4.9,2.7,7.5,0.143,0.9,0.0,0.9,1.9,1802057,2520.0
KJ Martin,SF,21.0,HOU,79.0,2.0,21.0,0.533,0.357,0.634,3.8,1.3,0.4,0.5,0.8,1.4,8.8,14.3,0.603,16.3,2.3,0.6,2.9,0.084,0.0,-1.2,-1.2,0.4,1517981,1659.0
Torrey Craig,SF,31.0,2TM,78.0,16.0,20.5,0.454,0.329,0.75,4.0,1.2,0.6,0.5,0.9,1.9,6.6,11.0,0.556,14.3,0.9,1.4,2.3,0.07,-1.7,-0.1,-1.8,0.1,4878049,1599.0
Russell Westbrook,PG,33.0,LAL,78.0,78.0,34.3,0.444,0.298,0.667,7.4,7.1,1.0,0.3,3.8,3.0,18.5,15.0,0.512,27.3,-0.6,2.3,1.7,0.03,-0.7,-0.9,-1.6,0.2,44211146,2675.0
Immanuel Quickley,PG,22.0,NYK,78.0,3.0,23.1,0.392,0.346,0.881,3.2,3.5,0.7,0.0,1.3,2.1,11.3,14.6,0.543,22.2,2.5,1.8,4.2,0.113,0.2,0.0,0.2,1.0,2210640,1802.0
Jaren Jackson Jr.,PF,22.0,MEM,78.0,78.0,27.3,0.415,0.319,0.823,5.8,1.1,0.9,2.3,1.7,3.5,16.3,17.0,0.535,25.4,1.7,3.7,5.4,0.121,-0.9,0.8,-0.1,1.0,9180560,2129.0
Herbert Jones,PF,23.0,NOP,78.0,69.0,29.9,0.476,0.337,0.84,3.8,2.1,1.7,0.8,1.3,3.1,9.5,12.3,0.573,13.7,2.1,2.5,4.6,0.096,-2.0,1.5,-0.5,0.9,1700000,2332.0
Jae'Sean Tate,PF,26.0,HOU,78.0,77.0,26.4,0.498,0.312,0.707,5.4,2.8,0.9,0.5,1.8,3.7,11.8,14.3,0.567,19.6,1.9,1.1,3.0,0.071,-1.3,-0.5,-1.8,0.1,1517981,2059.0
Grant Williams,PF,23.0,BOS,77.0,21.0,24.4,0.475,0.411,0.905,3.6,1.0,0.5,0.7,0.8,2.4,7.8,11.2,0.635,12.6,2.4,2.6,5.1,0.13,-1.4,1.1,-0.4,0.8,2617800,1879.0
Royce O'Neale,SF,28.0,UTA,77.0,77.0,31.2,0.457,0.389,0.804,4.8,2.5,1.1,0.4,1.0,2.4,7.4,10.3,0.608,9.9,2.7,2.8,5.5,0.109,-0.8,1.7,0.8,1.7,8800000,2402.0
Corey Kispert,SF,22.0,WAS,77.0,36.0,23.4,0.455,0.35,0.871,2.7,1.1,0.5,0.3,0.6,1.2,8.2,10.9,0.586,14.6,1.6,0.7,2.3,0.061,-0.8,-1.5,-2.3,-0.1,3383640,1802.0
Naz Reid,C,22.0,MIN,77.0,6.0,15.8,0.489,0.343,0.765,3.9,0.9,0.5,0.9,1.1,2.2,8.3,17.2,0.588,21.4,1.5,1.6,3.2,0.125,-0.5,0.5,0.0,0.6,1782621,1217.0
Ayo Dosunmu,SG,22.0,CHI,77.0,40.0,27.4,0.52,0.376,0.679,2.8,3.3,0.8,0.4,1.4,2.4,8.8,11.2,0.596,14.1,1.7,1.3,3.0,0.069,-1.9,-0.1,-2.0,0.0,925258,2110.0
Delon Wright,SG,29.0,ATL,77.0,8.0,18.9,0.454,0.379,0.857,2.9,2.4,1.2,0.2,0.6,0.7,4.4,13.8,0.576,10.3,2.2,1.5,3.6,0.121,-0.2,2.4,2.2,1.6,8526316,1455.0
Harrison Barnes,PF,29.0,SAC,77.0,77.0,33.5,0.469,0.394,0.826,5.6,2.4,0.7,0.2,1.5,1.2,16.4,15.7,0.623,18.8,5.0,1.0,6.0,0.112,1.5,-1.3,0.2,1.4,20284091,2580.0
Kentavious Caldwell-Pope,SG,28.0,WAS,77.0,77.0,30.2,0.435,0.39,0.89,3.4,1.9,1.1,0.3,1.3,1.8,13.2,12.6,0.568,19.0,1.4,1.4,2.8,0.058,-0.9,-0.6,-1.5,0.3,13038862,2325.0
Tyrese Haliburton,PG,21.0,2TM,77.0,77.0,35.0,0.473,0.414,0.842,4.0,8.2,1.7,0.6,2.6,1.6,15.3,18.2,0.595,19.0,5.2,1.8,7.0,0.125,2.7,-0.1,2.6,3.1,4023600,2695.0
DeMar DeRozan,PF,32.0,CHI,76.0,76.0,36.1,0.504,0.352,0.877,5.2,4.9,0.9,0.3,2.4,2.3,27.9,23.1,0.59,31.8,7.0,1.8,8.8,0.154,3.4,-0.9,2.5,3.1,26000000,2744.0
Jayson Tatum,SF,23.0,BOS,76.0,76.0,35.9,0.453,0.353,0.853,8.0,4.4,1.0,0.6,2.9,2.3,26.9,21.8,0.578,32.1,5.0,4.6,9.6,0.169,4.3,0.6,5.0,4.8,28103500,2728.0
Steven Adams,C,28.0,MEM,76.0,75.0,26.3,0.547,0.0,0.543,10.0,3.4,0.9,0.8,1.5,2.0,6.9,17.6,0.56,12.0,3.8,3.0,6.8,0.163,1.0,1.0,2.0,2.0,17073171,1999.0
Trae Young,PG,23.0,ATL,76.0,76.0,34.9,0.46,0.382,0.904,3.7,9.7,0.9,0.1,4.0,1.7,28.4,25.4,0.603,34.4,9.0,1.0,10.0,0.181,7.1,-2.0,5.2,4.8,8326471,2652.0
Kelly Oubre Jr.,SF,26.0,CHO,76.0,13.0,26.3,0.44,0.345,0.667,4.0,1.1,1.0,0.4,0.9,2.5,15.0,14.9,0.56,23.0,1.8,1.4,3.3,0.079,0.2,-1.6,-1.4,0.3,12000000,1999.0
Malik Monk,SG,23.0,LAL,76.0,37.0,28.1,0.473,0.391,0.795,3.4,2.9,0.8,0.4,1.6,1.8,13.8,14.4,0.597,20.1,2.3,1.4,3.6,0.081,0.5,-1.0,-0.5,0.8,1669178,2136.0
Ivica Zubac,C,24.0,LAC,76.0,76.0,24.4,0.626,,0.727,8.5,1.6,0.5,1.0,1.5,2.7,10.3,19.2,0.66,16.8,4.3,2.9,7.2,0.187,-0.1,0.8,0.7,1.3,7518518,1854.0
Jordan Poole,SG,22.0,GSW,76.0,51.0,30.0,0.448,0.364,0.925,3.4,4.0,0.8,0.3,2.5,2.7,18.5,16.1,0.598,26.0,3.1,2.9,6.0,0.126,1.3,-0.3,1.0,1.7,2161440,2280.0
Desmond Bane,SG,23.0,MEM,76.0,76.0,29.8,0.461,0.436,0.903,4.4,2.7,1.2,0.4,1.5,2.6,18.2,17.6,0.592,23.1,4.5,2.7,7.2,0.153,2.5,0.3,2.7,2.7,2033160,2265.0
Georges Niang,PF,28.0,PHI,76.0,7.0,22.8,0.437,0.403,0.881,2.7,1.3,0.4,0.2,0.8,2.5,9.2,10.7,0.594,16.8,1.5,1.3,2.8,0.077,-0.8,-1.1,-1.9,0.0,3300000,1733.0
Devonte' Graham,PG,26.0,NOP,76.0,63.0,28.4,0.363,0.341,0.843,2.3,4.2,0.9,0.2,1.4,1.3,11.9,12.1,0.514,19.5,1.6,1.2,2.8,0.062,0.2,-1.2,-1.0,0.5,11000000,2158.0
Aaron Gordon,PF,26.0,DEN,75.0,75.0,31.7,0.52,0.335,0.743,5.9,2.5,0.6,0.6,1.8,2.0,15.0,15.3,0.602,19.7,3.2,2.0,5.2,0.105,0.5,-1.1,-0.6,0.9,16409091,2378.0
Derrick White,SG,27.0,2TM,75.0,52.0,29.3,0.421,0.312,0.864,3.5,4.9,0.9,0.8,1.6,2.3,13.2,14.8,0.549,19.9,2.8,2.3,5.1,0.111,0.4,0.6,0.9,1.6,15178571,2198.0
Davion Mitchell,PG,23.0,SAC,75.0,19.0,27.7,0.418,0.316,0.659,2.2,4.2,0.7,0.3,1.5,1.9,11.5,10.8,0.489,20.6,-0.5,0.6,0.1,0.003,-2.1,-1.7,-3.8,-0.9,4603320,2078.0
Keldon Johnson,SF,22.0,SAS,75.0,74.0,31.9,0.466,0.398,0.756,6.1,2.1,0.8,0.2,1.2,2.0,17.0,15.2,0.574,21.3,2.9,2.0,4.9,0.099,0.7,-1.2,-0.5,0.9,2145720,2392.0
Jeff Green,PF,35.0,DEN,75.0,63.0,24.7,0.524,0.315,0.833,3.1,1.3,0.4,0.4,0.9,2.0,10.3,12.5,0.627,16.3,2.7,1.2,3.9,0.101,-1.2,-1.3,-2.5,-0.2,4500000,1852.0
Tyrese Maxey,PG,21.0,PHI,75.0,74.0,35.3,0.485,0.427,0.866,3.2,4.3,0.7,0.4,1.2,2.1,17.5,16.2,0.594,20.2,5.4,1.9,7.3,0.132,1.3,-0.7,0.6,1.8,2602920,2648.0
Monte Morris,PG,26.0,DEN,75.0,74.0,29.9,0.484,0.395,0.869,3.0,4.4,0.7,0.2,1.0,1.2,12.6,14.7,0.583,17.4,3.9,1.5,5.4,0.116,0.8,-0.8,0.0,1.1,8449074,2242.0
Bryn Forbes,SG,28.0,2TM,75.0,2.0,17.1,0.429,0.414,0.908,1.2,1.0,0.3,0.1,0.7,1.3,8.8,11.5,0.574,21.2,0.8,0.6,1.4,0.054,-0.7,-2.2,-2.9,-0.3,4500000,1282.0
LaMelo Ball,PG,20.0,CHO,75.0,75.0,32.3,0.429,0.389,0.872,6.7,7.6,1.6,0.4,3.3,3.2,20.1,19.7,0.554,28.2,3.4,2.5,5.8,0.116,3.3,0.1,3.4,3.3,8231760,2422.0
Reggie Jackson,SG,31.0,LAC,75.0,75.0,31.2,0.392,0.326,0.847,3.6,4.8,0.7,0.2,2.3,2.1,16.8,12.1,0.488,27.6,-1.7,2.0,0.4,0.008,-1.4,-1.6,-3.0,-0.6,10384500,2340.0
Trey Lyles,PF,26.0,2TM,75.0,23.0,20.5,0.466,0.321,0.802,5.1,1.2,0.4,0.4,1.0,1.6,10.5,16.4,0.588,20.7,2.4,1.2,3.5,0.111,0.5,-0.8,-0.3,0.7,2500000,1538.0
Karl-Anthony Towns,C,26.0,MIN,74.0,74.0,33.5,0.529,0.41,0.822,9.8,3.6,1.0,1.1,3.1,3.6,24.6,24.1,0.64,27.8,7.1,3.2,10.3,0.199,4.5,0.5,5.0,4.4,31650600,2479.0
Kevin Love,C,33.0,CLE,74.0,4.0,22.5,0.43,0.392,0.838,7.2,2.2,0.4,0.2,1.3,1.4,13.6,19.6,0.594,25.1,3.2,2.5,5.7,0.164,4.4,0.1,4.5,2.7,31258256,1665.0
Kevin Huerter,SF,23.0,ATL,74.0,60.0,29.6,0.454,0.389,0.808,3.4,2.7,0.7,0.4,1.2,2.5,12.1,11.9,0.57,17.5,1.8,1.0,2.8,0.062,-0.5,-0.7,-1.2,0.4,4253357,2190.0
Jarred Vanderbilt,PF,22.0,MIN,74.0,67.0,25.4,0.587,0.143,0.656,8.4,1.3,1.3,0.6,1.0,2.4,6.9,15.3,0.612,10.9,3.1,2.9,6.0,0.153,-0.8,1.0,0.2,1.1,4050000,1880.0
Nikola Jokić,C,26.0,DEN,74.0,74.0,33.5,0.583,0.337,0.81,13.8,7.9,1.5,0.9,3.8,2.6,27.1,32.8,0.661,31.9,10.8,4.5,15.2,0.296,9.2,4.5,13.7,9.8,31579390,2479.0
Clint Capela,C,27.0,ATL,74.0,73.0,27.6,0.613,0.0,0.473,11.9,1.2,0.7,1.3,0.6,2.2,11.1,21.4,0.604,15.5,5.6,2.7,8.3,0.195,2.1,-0.1,2.0,2.1,18603448,2042.0
Josh Christopher,SG,20.0,HOU,74.0,2.0,18.0,0.448,0.296,0.735,2.5,2.0,0.9,0.2,1.5,1.3,7.9,12.2,0.534,21.1,-0.4,0.7,0.3,0.01,-2.2,-1.3,-3.5,-0.5,2259240,1332.0
Scottie Barnes,PF,20.0,TOR,74.0,74.0,35.4,0.492,0.301,0.735,7.5,3.5,1.1,0.7,1.8,2.6,15.3,16.3,0.552,19.0,3.7,2.9,6.6,0.122,0.5,0.4,0.9,1.9,7280520,2620.0
Justin Holiday,SF,32.0,2TM,74.0,65.0,27.8,0.394,0.367,0.806,2.6,1.7,0.8,0.4,0.9,2.1,10.1,9.5,0.543,15.8,0.8,0.6,1.4,0.033,-1.4,-0.8,-2.2,-0.1,6006420,2057.0
Jonas Valančiūnas,C,29.0,NOP,74.0,74.0,30.3,0.544,0.361,0.82,11.4,2.6,0.6,0.8,2.4,3.3,17.8,21.2,0.617,23.8,4.6,2.7,7.3,0.156,2.0,-0.1,1.9,2.2,14000000,2242.0
JaVale McGee,C,34.0,PHO,74.0,17.0,15.8,0.629,0.222,0.699,6.7,0.6,0.3,1.1,1.3,2.4,9.2,22.6,0.651,22.8,2.4,2.6,4.9,0.201,-0.1,0.9,0.8,0.8,5000000,1169.0
Andrew Wiggins,SF,26.0,GSW,73.0,73.0,31.9,0.466,0.393,0.634,4.5,2.2,1.0,0.7,1.5,2.2,17.2,15.0,0.56,23.1,1.8,3.4,5.1,0.105,0.3,0.1,0.4,1.4,31579390,2329.0
Nikola Vučević,C,31.0,CHI,73.0,73.0,33.1,0.473,0.314,0.76,11.0,3.2,1.0,1.0,1.9,2.5,17.6,18.2,0.533,24.5,1.4,3.2,4.5,0.09,0.8,0.1,0.9,1.8,24000000,2416.0
Juan Toscano-Anderson,SF,28.0,GSW,73.0,6.0,13.6,0.489,0.322,0.571,2.4,1.7,0.7,0.2,0.9,1.6,4.1,11.0,0.561,14.7,0.3,1.8,2.0,0.098,-3.3,2.4,-0.8,0.3,1701593,993.0
Mason Plumlee,C,31.0,CHO,73.0,73.0,24.6,0.641,0.0,0.392,7.7,3.1,0.8,0.7,1.4,3.1,6.5,14.7,0.603,11.7,2.7,2.0,4.7,0.127,-1.5,1.5,0.0,0.9,9248333,1796.0
De'Anthony Melton,SG,23.0,MEM,73.0,15.0,22.7,0.404,0.374,0.75,4.5,2.7,1.4,0.5,1.5,1.8,10.8,15.2,0.529,21.3,0.9,2.8,3.7,0.107,0.3,1.6,1.9,1.6,8805976,1657.0
Tyus Jones,PG,25.0,MEM,73.0,23.0,21.2,0.451,0.39,0.818,2.4,4.4,0.9,0.0,0.6,0.4,8.7,16.5,0.544,16.6,3.4,1.6,5.1,0.158,1.2,0.5,1.7,1.4,8376286,1548.0
Terry Rozier,SG,27.0,CHO,73.0,73.0,33.7,0.444,0.374,0.852,4.3,4.5,1.3,0.3,1.3,1.6,19.3,17.6,0.566,23.2,4.3,1.6,5.9,0.115,2.4,-0.7,1.7,2.3,17905263,2460.0
Andre Drummond,C,28.0,2TM,73.0,36.0,19.7,0.57,0.0,0.524,9.3,1.8,1.1,0.9,1.6,2.6,7.9,21.0,0.574,19.0,2.0,3.1,5.1,0.17,-0.1,1.4,1.3,1.2,1669178,1438.0
Tobias Harris,PF,29.0,PHI,73.0,73.0,34.8,0.482,0.367,0.842,6.8,3.5,0.6,0.6,1.6,2.2,17.2,15.9,0.566,21.7,3.0,2.6,5.6,0.105,0.6,-0.6,0.0,1.3,35995950,2540.0
Precious Achiuwa,C,22.0,TOR,73.0,28.0,23.6,0.439,0.359,0.595,6.5,1.1,0.5,0.6,1.2,2.1,9.1,12.7,0.503,18.5,0.4,2.1,2.5,0.07,-2.0,-0.6,-2.6,-0.2,2711280,1723.0
Anthony Edwards,SG,20.0,MIN,72.0,72.0,34.3,0.441,0.357,0.786,4.8,3.8,1.5,0.6,2.6,2.3,21.3,16.5,0.56,26.4,1.8,2.4,4.3,0.084,1.6,-0.4,1.2,2.0,10245480,2470.0
Daniel Gafford,C,23.0,WAS,72.0,53.0,20.1,0.693,0.0,0.699,5.7,0.9,0.4,1.4,0.9,2.4,9.4,21.8,0.708,16.7,4.4,1.6,6.0,0.198,1.1,0.5,1.6,1.3,1782621,1447.0
Alperen Şengün,C,19.0,HOU,72.0,13.0,20.7,0.474,0.248,0.711,5.5,2.6,0.8,0.9,2.0,3.0,9.6,16.0,0.552,22.0,0.8,1.3,2.1,0.068,-1.6,0.6,-1.0,0.4,3214680,1490.0
Obi Toppin,PF,23.0,NYK,72.0,10.0,17.1,0.531,0.308,0.758,3.7,1.1,0.3,0.5,0.8,1.4,9.0,18.3,0.614,20.8,2.5,1.5,3.9,0.153,1.7,0.3,2.0,1.2,5105160,1231.0
Bobby Portis,C,26.0,MIL,72.0,59.0,28.2,0.479,0.393,0.752,9.1,1.2,0.7,0.7,1.3,2.4,14.6,17.7,0.571,21.3,2.9,2.6,5.5,0.131,1.2,-1.0,0.2,1.1,4347600,2030.0
Mike Conley,PG,34.0,UTA,72.0,72.0,28.6,0.435,0.408,0.796,3.0,5.3,1.3,0.3,1.7,2.0,13.7,17.2,0.572,20.9,4.4,2.3,6.7,0.157,2.4,0.7,3.1,2.7,21000000,2059.0
Bruce Brown,SF,25.0,BRK,72.0,45.0,24.6,0.506,0.404,0.758,4.8,2.1,1.1,0.7,0.8,2.4,9.0,15.0,0.575,15.0,2.8,2.0,4.8,0.13,-0.4,1.1,0.7,1.2,4736102,1771.0
Mitchell Robinson,C,23.0,NYK,72.0,62.0,25.7,0.761,,0.486,8.6,0.5,0.8,1.8,0.8,2.7,8.5,20.7,0.722,11.4,5.3,3.2,8.5,0.221,1.0,1.2,2.2,2.0,1802057,1850.0
Julius Randle,PF,27.0,NYK,72.0,72.0,35.3,0.411,0.308,0.756,9.9,5.1,0.7,0.5,3.4,2.8,20.1,15.7,0.509,28.7,-0.3,3.4,3.1,0.059,0.4,0.2,0.5,1.6,21780000,2542.0
John Konchar,SG,25.0,MEM,72.0,7.0,17.9,0.515,0.413,0.551,4.6,1.5,0.6,0.3,0.4,1.3,4.8,14.0,0.615,9.9,2.4,1.8,4.2,0.155,0.2,1.3,1.5,1.2,2200000,1289.0
Isaiah Stewart,C,20.0,DET,71.0,71.0,25.6,0.51,0.326,0.718,8.7,1.2,0.3,1.1,1.2,3.0,8.3,14.0,0.55,14.6,1.6,1.8,3.4,0.091,-2.5,-0.8,-3.3,-0.6,3277080,1818.0
Nemanja Bjelica,C,33.0,GSW,71.0,0.0,16.1,0.468,0.362,0.728,4.1,2.2,0.6,0.4,1.2,1.8,6.1,14.2,0.573,17.8,1.0,2.1,3.0,0.128,-0.9,2.3,1.4,1.0,1669178,1143.0
Marcus Smart,PG,27.0,BOS,71.0,71.0,32.3,0.418,0.331,0.793,3.8,5.9,1.7,0.3,2.2,2.3,12.1,13.6,0.54,18.3,1.9,3.7,5.6,0.116,-1.2,1.7,0.5,1.5,14339285,2293.0
Gary Payton II,SG,29.0,GSW,71.0,16.0,17.6,0.616,0.358,0.603,3.5,0.9,1.4,0.3,0.6,1.8,7.1,17.8,0.679,14.3,2.5,2.6,5.2,0.199,0.3,3.4,3.7,1.8,1669178,1250.0
Devin Vassell,SF,21.0,SAS,71.0,32.0,27.3,0.427,0.361,0.838,4.3,1.9,1.1,0.6,0.8,2.0,12.3,13.3,0.54,18.9,1.3,2.0,3.3,0.082,-0.5,0.0,-0.5,0.7,4235160,1938.0
Montrezl Harrell,C,28.0,2TM,71.0,3.0,23.1,0.645,0.235,0.716,6.1,2.0,0.4,0.6,1.0,1.9,13.1,23.2,0.68,20.2,6.1,1.2,7.3,0.213,3.7,0.1,3.9,2.4,9720900,1640.0
Payton Pritchard,PG,24.0,BOS,71.0,2.0,14.1,0.429,0.412,1.0,1.9,2.0,0.4,0.1,0.6,0.9,6.2,15.0,0.578,18.6,1.8,1.2,3.1,0.148,1.7,0.1,1.8,1.0,2137440,1001.0
Will Barton,SG,31.0,DEN,71.0,71.0,32.1,0.438,0.365,0.803,4.8,3.9,0.8,0.4,1.8,1.6,14.7,13.4,0.548,20.8,1.2,1.9,3.2,0.067,0.4,-0.9,-0.5,0.9,15625000,2279.0
P.J. Tucker,PF,36.0,MIA,71.0,70.0,27.9,0.484,0.415,0.738,5.5,2.1,0.8,0.2,0.9,2.3,7.6,11.3,0.593,11.7,2.4,2.6,5.0,0.121,-0.8,1.4,0.6,1.3,7000000,1981.0
Cody Martin,SF,26.0,CHO,71.0,11.0,26.3,0.482,0.384,0.701,4.0,2.5,1.2,0.5,0.9,1.6,7.7,12.7,0.579,12.1,2.4,1.5,3.9,0.101,-1.2,0.7,-0.5,0.7,1782621,1867.0
Drew Eubanks,C,24.0,2TM,71.0,31.0,17.5,0.596,0.217,0.762,5.4,1.2,0.4,0.6,1.1,1.7,7.7,18.0,0.638,17.5,2.2,1.1,3.4,0.13,-0.5,-0.9,-1.4,0.2,1762796,1242.0
Robert Covington,PF,31.0,2TM,71.0,42.0,27.3,0.42,0.378,0.841,5.5,1.3,1.5,1.3,1.1,2.7,8.5,12.4,0.572,13.5,0.8,2.4,3.2,0.08,-1.6,1.7,0.2,1.1,12975471,1938.0
Mo Bamba,C,23.0,ORL,71.0,69.0,25.7,0.48,0.381,0.781,8.1,1.2,0.5,1.7,1.1,2.6,10.6,16.5,0.582,17.2,1.8,2.7,4.5,0.118,-0.2,0.9,0.7,1.2,7568743,1825.0
Jonathan Kuminga,SF,19.0,GSW,70.0,12.0,16.9,0.513,0.336,0.684,3.3,0.9,0.4,0.3,1.1,2.1,9.3,15.2,0.6,22.7,1.3,1.8,3.0,0.123,-1.3,-0.2,-1.5,0.1,5466360,1183.0
Jaden McDaniels,PF,21.0,MIN,70.0,31.0,25.8,0.46,0.317,0.803,4.2,1.1,0.7,0.8,1.1,3.2,9.2,10.3,0.553,15.3,0.7,1.7,2.4,0.065,-2.9,-0.1,-2.9,-0.4,2063280,1806.0
Jaxson Hayes,C,21.0,NOP,70.0,28.0,20.0,0.616,0.351,0.766,4.5,0.6,0.5,0.8,0.8,2.2,9.3,18.5,0.68,16.4,3.7,1.3,5.1,0.174,0.6,-0.3,0.2,0.8,5348280,1400.0
Chuma Okeke,PF,23.0,ORL,70.0,20.0,25.0,0.376,0.318,0.846,5.0,1.7,1.4,0.6,0.8,1.4,8.6,12.0,0.501,16.4,-0.3,2.5,2.2,0.06,-1.6,1.5,-0.1,0.8,3277080,1750.0
Lonnie Walker IV,SG,23.0,SAS,70.0,6.0,23.0,0.407,0.314,0.784,2.6,2.2,0.6,0.3,1.0,1.4,12.1,12.3,0.512,23.6,0.1,1.1,1.2,0.037,-1.2,-1.3,-2.5,-0.2,4447896,1610.0
RJ Barrett,SF,21.0,NYK,70.0,70.0,34.5,0.408,0.342,0.714,5.8,3.0,0.6,0.2,2.2,2.0,20.0,13.7,0.511,27.6,0.1,2.2,2.3,0.046,-0.3,-1.3,-1.6,0.2,8623920,2415.0
Raul Neto,PG,29.0,WAS,70.0,19.0,19.6,0.463,0.292,0.769,1.9,3.1,0.8,0.0,1.1,1.5,7.5,12.4,0.538,18.4,0.7,0.8,1.5,0.053,-2.5,-0.5,-2.9,-0.4,1669178,1372.0
Luke Kennard,SG,25.0,LAC,70.0,13.0,27.4,0.449,0.449,0.896,3.3,2.1,0.6,0.1,0.9,1.4,11.9,13.3,0.619,16.8,2.8,1.7,4.5,0.113,0.8,-0.3,0.5,1.2,13347727,1918.0
Gary Trent Jr.,SG,23.0,TOR,70.0,69.0,35.0,0.414,0.383,0.853,2.7,2.0,1.7,0.3,1.0,2.1,18.3,14.7,0.546,21.8,3.1,2.5,5.6,0.11,-0.1,0.3,0.2,1.3,16000000,2450.0
Landry Shamet,SG,24.0,PHO,69.0,14.0,20.8,0.394,0.368,0.84,1.8,1.6,0.4,0.1,0.6,1.3,8.3,10.2,0.55,16.8,1.1,1.5,2.6,0.085,-0.9,-0.4,-1.2,0.3,3768342,1435.0
Al Horford,C,35.0,BOS,69.0,69.0,29.1,0.467,0.336,0.842,7.7,3.4,0.7,1.3,0.9,1.9,10.2,16.7,0.574,14.8,3.7,3.8,7.6,0.181,1.4,2.9,4.3,3.2,27000000,2008.0
Bones Hyland,SG,21.0,DEN,69.0,4.0,19.0,0.403,0.366,0.856,2.7,2.8,0.6,0.3,1.2,2.2,10.1,14.4,0.558,23.8,1.1,1.3,2.4,0.088,0.3,-0.7,-0.4,0.5,2096880,1311.0
Bojan Bogdanović,PF,32.0,UTA,69.0,69.0,30.9,0.455,0.387,0.858,4.3,1.7,0.5,0.0,1.7,1.7,18.1,15.7,0.599,23.7,3.6,1.6,5.2,0.118,1.6,-1.6,0.0,1.1,18700000,2132.0
Evan Mobley,PF,20.0,CLE,69.0,69.0,33.8,0.508,0.25,0.663,8.3,2.5,0.8,1.7,1.9,2.1,15.0,16.1,0.549,20.4,1.5,3.7,5.2,0.107,-0.9,1.5,0.6,1.5,8075160,2332.0
Darius Bazley,PF,21.0,OKC,69.0,53.0,27.9,0.422,0.297,0.688,6.3,1.4,0.8,1.0,1.3,1.0,10.8,12.6,0.515,18.3,-0.5,2.2,1.8,0.044,-2.1,0.3,-1.8,0.1,2513040,1925.0
Kyle Anderson,PF,28.0,MEM,69.0,11.0,21.5,0.446,0.33,0.638,5.3,2.7,1.1,0.7,1.0,1.6,7.6,14.4,0.506,16.2,1.0,2.5,3.5,0.113,-0.9,2.1,1.2,1.2,9937150,1484.0
Tre Jones,PG,22.0,SAS,69.0,11.0,16.6,0.49,0.196,0.78,2.2,3.4,0.6,0.1,0.7,1.1,6.0,15.0,0.545,15.6,1.9,0.9,2.9,0.121,-0.9,0.4,-0.5,0.4,1517981,1145.0
Taurean Prince,PF,27.0,MIN,69.0,8.0,17.1,0.454,0.376,0.756,2.5,1.0,0.7,0.3,0.8,1.7,7.3,12.4,0.589,17.0,1.0,1.2,2.2,0.09,-1.0,0.0,-0.9,0.3,13000000,1180.0
Carmelo Anthony,PF,37.0,LAL,69.0,3.0,26.0,0.441,0.375,0.83,4.2,1.0,0.7,0.8,0.9,2.4,13.3,14.8,0.579,20.4,2.2,1.4,3.6,0.097,0.4,-0.8,-0.5,0.7,1669178,1794.0
Darius Garland,PG,22.0,CLE,68.0,68.0,35.7,0.462,0.383,0.892,3.3,8.6,1.3,0.1,3.6,1.7,21.7,19.0,0.576,27.8,3.8,2.5,6.3,0.125,3.4,-0.8,2.6,2.8,7040880,2428.0
Pascal Siakam,PF,27.0,TOR,68.0,68.0,37.9,0.494,0.344,0.749,8.5,5.3,1.3,0.6,2.7,3.3,22.8,20.3,0.565,25.8,4.9,3.2,8.1,0.151,2.7,0.8,3.5,3.6,33003936,2577.0
Gabe Vincent,PG,25.0,MIA,68.0,27.0,23.4,0.417,0.368,0.815,1.9,3.1,0.9,0.2,1.4,2.3,8.7,10.6,0.551,17.8,0.7,1.9,2.5,0.076,-1.9,0.5,-1.4,0.2,1669178,1591.0
Max Strus,SF,25.0,MIA,68.0,16.0,23.3,0.441,0.41,0.792,3.0,1.4,0.4,0.2,0.8,1.7,10.6,12.7,0.614,18.1,2.0,1.7,3.6,0.11,1.4,-0.4,0.9,1.2,1669178,1584.0
Christian Wood,C,26.0,HOU,68.0,67.0,30.8,0.501,0.39,0.623,10.1,2.3,0.8,1.0,1.9,2.5,17.9,19.1,0.595,23.3,2.9,2.0,4.9,0.112,2.1,-0.4,1.6,1.9,13666667,2094.0
Isaiah Hartenstein,C,23.0,LAC,68.0,0.0,17.9,0.626,0.467,0.689,4.9,2.4,0.7,1.1,1.2,2.5,8.3,22.0,0.664,18.4,3.3,2.2,5.5,0.215,1.4,3.1,4.5,2.0,1669178,1217.0
Reggie Bullock,SF,30.0,DAL,68.0,37.0,28.0,0.401,0.36,0.833,3.5,1.2,0.6,0.2,0.6,1.6,8.6,9.2,0.558,13.3,1.2,2.0,3.2,0.08,-1.4,0.0,-1.4,0.3,9536000,1904.0
Dejounte Murray,PG,25.0,SAS,68.0,68.0,34.8,0.462,0.327,0.794,8.3,9.2,2.0,0.3,2.6,2.0,21.1,22.3,0.533,27.3,3.9,3.4,7.3,0.149,3.7,1.7,5.4,4.4,15428880,2366.0
Joel Embiid,C,27.0,PHI,68.0,68.0,33.8,0.499,0.371,0.814,11.7,4.2,1.1,1.5,3.1,2.7,30.6,31.2,0.616,37.2,7.9,4.1,12.0,0.252,7.2,2.0,9.2,6.5,31579390,2298.0
Jakob Poeltl,C,26.0,SAS,68.0,67.0,29.0,0.618,1.0,0.495,9.3,2.8,0.7,1.7,1.6,3.1,13.5,20.8,0.613,18.3,4.4,2.5,6.9,0.168,0.9,0.7,1.6,1.7,8750000,1972.0
Devin Booker,SG,25.0,PHO,68.0,68.0,34.5,0.466,0.383,0.868,5.0,4.8,1.1,0.4,2.4,2.6,26.8,21.3,0.576,32.0,4.3,3.3,7.6,0.156,3.9,0.2,4.1,3.6,31650600,2346.0
Giannis Antetokounmpo,PF,27.0,MIL,67.0,67.0,32.9,0.553,0.293,0.722,11.6,5.8,1.1,1.4,3.3,3.2,29.9,32.1,0.633,34.9,9.2,3.7,12.9,0.281,7.6,3.5,11.2,7.4,39344970,2204.0
Josh Green,SG,21.0,DAL,67.0,3.0,15.5,0.508,0.359,0.689,2.4,1.2,0.7,0.2,0.7,1.7,4.8,11.9,0.578,13.9,1.0,1.4,2.4,0.111,-2.4,1.4,-1.0,0.3,2957520,1038.0
Cam Thomas,SG,20.0,BRK,67.0,2.0,17.6,0.433,0.27,0.829,2.4,1.2,0.5,0.1,0.8,1.0,8.5,11.7,0.519,22.1,0.0,0.8,0.8,0.033,-2.0,-1.4,-3.4,-0.4,2036280,1179.0
Jrue Holiday,PG,31.0,MIL,67.0,64.0,33.0,0.501,0.411,0.761,4.5,6.8,1.6,0.4,2.7,2.0,18.3,19.8,0.593,23.5,4.5,2.4,6.9,0.15,2.9,0.3,3.2,2.9,32413333,2211.0
Isaac Okoro,SF,21.0,CLE,67.0,61.0,29.6,0.48,0.35,0.768,3.0,1.8,0.8,0.3,0.9,2.4,8.8,10.4,0.589,12.4,2.4,1.9,4.2,0.103,-2.4,0.7,-1.7,0.1,6720720,1983.0
Oshae Brissett,SF,23.0,IND,67.0,25.0,23.3,0.411,0.35,0.695,5.3,1.1,0.7,0.4,0.8,1.7,9.1,12.9,0.53,17.3,1.4,0.9,2.2,0.069,-0.5,-1.7,-2.2,-0.1,1701593,1561.0
Jae Crowder,PF,31.0,PHO,67.0,67.0,28.1,0.399,0.348,0.789,5.3,1.9,1.4,0.4,0.8,2.6,9.4,11.3,0.541,14.6,0.9,3.4,4.3,0.11,-1.3,2.4,1.1,1.5,9720900,1883.0
Dewayne Dedmon,C,32.0,MIA,67.0,15.0,15.9,0.566,0.404,0.75,5.8,0.7,0.4,0.6,1.0,2.6,6.3,15.9,0.632,16.9,1.5,2.0,3.5,0.157,-2.2,1.1,-1.0,0.3,1669178,1065.0
Zach LaVine,SG,26.0,CHI,67.0,67.0,34.7,0.476,0.389,0.853,4.6,4.5,0.6,0.3,2.6,1.8,24.4,20.0,0.605,28.8,4.5,1.3,5.8,0.12,3.9,-1.5,2.4,2.6,19500000,2325.0
Jalen Green,SG,19.0,HOU,67.0,67.0,31.9,0.426,0.343,0.797,3.4,2.6,0.7,0.3,2.0,1.5,17.3,12.5,0.547,23.7,0.5,0.2,0.7,0.015,-0.5,-2.4,-2.9,-0.5,8992200,2137.0
JaMychal Green,PF,31.0,DEN,67.0,8.0,16.2,0.486,0.266,0.871,4.2,0.9,0.6,0.4,0.9,2.4,6.4,14.1,0.587,17.2,1.2,1.4,2.7,0.118,-2.0,0.1,-1.8,0.0,8200000,1085.0
Donovan Mitchell,SG,25.0,UTA,67.0,67.0,33.8,0.448,0.355,0.853,4.2,5.3,1.5,0.2,3.0,2.4,25.9,21.6,0.572,32.9,4.7,2.5,7.2,0.152,4.6,-0.3,4.3,3.6,28103500,2265.0
Spencer Dinwiddie,PG,28.0,2TM,67.0,51.0,29.6,0.416,0.339,0.774,4.2,5.2,0.7,0.2,1.6,2.2,13.7,15.1,0.543,21.4,2.7,1.4,4.1,0.098,0.8,-0.4,0.3,1.1,17142857,1983.0
Austin Rivers,SG,29.0,DEN,67.0,18.0,22.1,0.417,0.342,0.727,1.7,1.3,0.8,0.1,0.8,1.8,6.0,7.2,0.546,12.6,0.1,1.1,1.2,0.037,-3.5,-0.3,-3.8,-0.7,1669178,1481.0
Furkan Korkmaz,SG,24.0,PHI,67.0,19.0,21.1,0.387,0.289,0.81,2.6,1.9,0.5,0.1,0.7,0.9,7.6,10.2,0.502,17.6,0.1,1.1,1.2,0.041,-2.0,-1.1,-3.1,-0.4,4629630,1414.0
Jaylen Brown,SF,25.0,BOS,66.0,66.0,33.6,0.473,0.358,0.758,6.1,3.5,1.1,0.3,2.7,2.5,23.6,18.9,0.574,30.5,2.3,3.4,5.8,0.124,1.9,0.1,2.1,2.2,26758928,2218.0
Jevon Carter,PG,26.0,2TM,66.0,3.0,13.7,0.387,0.388,0.833,1.7,1.5,0.4,0.2,0.5,1.0,4.2,9.6,0.531,14.0,0.5,0.7,1.2,0.062,-1.8,-0.4,-2.2,-0.1,441277,904.0
Troy Brown Jr.,SF,22.0,CHI,66.0,7.0,16.0,0.419,0.353,0.769,3.1,1.0,0.5,0.1,0.4,0.9,4.3,10.1,0.525,12.3,0.5,0.9,1.4,0.065,-1.7,-0.2,-1.8,0.1,5170564,1056.0
Khris Middleton,SF,30.0,MIL,66.0,66.0,32.4,0.443,0.373,0.89,5.4,5.4,1.2,0.3,2.9,2.4,20.1,18.1,0.577,26.7,3.2,2.2,5.3,0.119,1.9,-0.3,1.6,1.9,35500000,2138.0
Rudy Gobert,C,29.0,UTA,66.0,66.0,32.1,0.713,0.0,0.69,14.7,1.1,0.7,2.1,1.8,2.7,15.6,24.7,0.732,16.9,7.3,4.3,11.7,0.264,2.9,1.7,4.6,3.6,35344828,2119.0
Killian Hayes,PG,20.0,DET,66.0,40.0,25.0,0.383,0.263,0.77,3.2,4.2,1.2,0.5,1.7,2.8,6.9,9.3,0.461,15.7,-1.0,1.5,0.5,0.014,-4.3,0.8,-3.5,-0.6,5572680,1650.0
Tyler Herro,SG,22.0,MIA,66.0,10.0,32.6,0.447,0.399,0.868,5.0,4.0,0.7,0.1,2.6,1.4,20.7,16.2,0.561,28.8,1.3,2.4,3.8,0.084,1.6,-0.9,0.7,1.5,4004280,2152.0
Cedi Osman,SF,26.0,CLE,66.0,3.0,22.2,0.432,0.357,0.664,2.2,2.0,0.8,0.2,1.0,1.9,10.7,13.3,0.563,21.1,1.3,1.6,2.9,0.094,-0.3,0.5,0.2,0.8,8133334,1465.0
Kyle Kuzma,PF,26.0,WAS,66.0,66.0,33.4,0.452,0.341,0.712,8.5,3.5,0.6,0.9,2.6,1.9,17.1,15.2,0.547,24.2,0.0,2.0,2.0,0.044,0.2,-0.4,-0.2,1.0,13000000,2204.0
Danilo Gallinari,PF,33.0,ATL,66.0,18.0,25.3,0.434,0.381,0.904,4.7,1.5,0.4,0.2,0.6,1.4,11.7,14.3,0.579,18.4,2.8,0.8,3.6,0.105,1.0,-1.2,-0.2,0.8,20475000,1670.0
Cameron Johnson,PF,25.0,PHO,66.0,16.0,26.2,0.46,0.425,0.86,4.1,1.5,0.9,0.2,0.7,1.7,12.5,15.2,0.625,17.5,3.2,2.4,5.6,0.156,2.0,0.7,2.7,2.1,4437000,1729.0
Grayson Allen,SG,26.0,MIL,66.0,61.0,27.3,0.448,0.409,0.865,3.4,1.5,0.7,0.3,0.7,1.5,11.1,12.7,0.609,15.2,2.8,1.4,4.2,0.11,0.6,-0.2,0.4,1.1,4054695,1802.0
Matisse Thybulle,SG,24.0,PHI,66.0,50.0,25.5,0.5,0.313,0.791,2.3,1.1,1.7,1.1,0.6,2.4,5.7,11.2,0.594,9.5,1.2,2.5,3.7,0.107,-2.2,3.3,1.1,1.3,2840160,1683.0
D'Angelo Russell,PG,25.0,MIN,65.0,65.0,32.0,0.411,0.34,0.825,3.3,7.1,1.0,0.3,2.5,2.0,18.1,16.3,0.544,25.1,2.9,1.5,4.4,0.101,2.2,-1.5,0.8,1.4,30013500,2080.0
James Harden,PG,32.0,2TM,65.0,65.0,37.2,0.41,0.33,0.877,7.7,10.3,1.3,0.6,4.4,2.4,22.0,20.9,0.583,27.2,4.9,2.7,7.6,0.152,3.7,0.3,4.0,3.7,44310840,2418.0
Cory Joseph,PG,30.0,DET,65.0,39.0,24.6,0.445,0.414,0.885,2.7,3.6,0.6,0.3,1.3,2.3,8.0,11.4,0.579,14.3,1.7,0.8,2.5,0.075,-2.0,-0.1,-2.1,0.0,4910000,1599.0
Cole Anthony,PG,21.0,ORL,65.0,65.0,31.7,0.391,0.338,0.854,5.4,5.7,0.7,0.3,2.6,2.6,16.3,13.5,0.519,25.1,-0.1,1.7,1.6,0.038,-0.6,-0.6,-1.2,0.4,3449400,2060.0
Chris Paul,PG,36.0,PHO,65.0,65.0,32.9,0.493,0.317,0.837,4.4,10.8,1.9,0.3,2.4,2.1,14.7,20.8,0.581,19.7,5.8,3.6,9.4,0.21,3.1,2.3,5.4,4.0,30000000,2138.0
Hassan Whiteside,C,32.0,UTA,65.0,8.0,17.9,0.652,,0.623,7.6,0.4,0.3,1.6,0.8,2.8,8.2,22.9,0.662,17.1,3.4,2.3,5.8,0.238,0.6,1.4,2.1,1.2,1669178,1164.0
Nickeil Alexander-Walker,SG,23.0,2TM,65.0,21.0,22.6,0.372,0.311,0.743,2.9,2.4,0.7,0.4,1.4,1.6,10.6,10.5,0.475,24.1,-1.1,1.1,0.1,0.003,-1.8,-1.1,-2.9,-0.3,3261480,1469.0
Josh Richardson,SG,28.0,2TM,65.0,7.0,24.6,0.438,0.415,0.889,2.8,1.8,0.9,0.4,1.0,1.8,10.2,12.8,0.573,17.6,1.6,2.0,3.5,0.106,-0.6,0.7,0.1,0.9,11615328,1599.0
Javonte Green,SF,28.0,CHI,65.0,45.0,23.4,0.542,0.356,0.833,4.2,0.9,1.0,0.5,0.5,2.0,7.2,14.0,0.637,11.5,2.9,1.5,4.4,0.139,-0.6,0.7,0.1,0.8,1669178,1521.0
Pat Connaughton,SF,29.0,MIL,65.0,19.0,26.0,0.458,0.395,0.833,4.2,1.3,0.9,0.2,0.5,1.3,9.9,13.4,0.62,14.0,2.8,1.6,4.4,0.125,0.8,0.3,1.2,1.4,5333334,1690.0
P.J. Washington,C,23.0,CHO,65.0,28.0,27.2,0.47,0.365,0.716,5.2,2.3,0.9,0.9,1.3,2.3,10.3,13.6,0.588,15.6,1.8,1.6,3.4,0.091,-0.2,0.2,-0.1,0.9,4215120,1768.0
Fred VanVleet,PG,27.0,TOR,65.0,65.0,37.9,0.403,0.377,0.874,4.4,6.7,1.7,0.5,2.6,2.5,20.3,17.3,0.552,23.7,3.9,2.8,6.7,0.131,3.1,0.5,3.6,3.5,19675926,2464.0
Garrison Mathews,SG,25.0,HOU,65.0,33.0,26.3,0.399,0.36,0.794,2.9,1.0,0.9,0.4,0.6,2.6,10.0,11.0,0.602,14.4,2.2,0.5,2.8,0.077,-1.3,-1.0,-2.3,-0.1,2000000,1710.0
Luka Dončić,PG,22.0,DAL,65.0,65.0,35.4,0.457,0.353,0.744,9.1,8.7,1.2,0.6,4.5,2.2,28.4,25.1,0.571,37.4,3.8,3.8,7.6,0.159,6.4,1.8,8.2,5.9,10174391,2301.0
Ish Smith,PG,33.0,2TM,65.0,1.0,17.3,0.43,0.373,0.625,2.2,3.8,0.7,0.4,1.2,1.2,6.3,12.5,0.465,20.1,-0.3,0.9,0.5,0.023,-2.2,-0.6,-2.9,-0.2,4500000,1124.0
R.J. Hampton,SG,20.0,ORL,64.0,14.0,21.9,0.383,0.35,0.641,3.0,2.5,0.7,0.2,1.4,1.6,7.6,8.5,0.481,18.4,-1.3,1.1,-0.2,-0.005,-4.0,-0.1,-4.1,-0.7,2303040,1402.0
Dalano Banton,PG,22.0,TOR,64.0,1.0,10.9,0.411,0.255,0.591,1.9,1.5,0.4,0.2,0.8,1.1,3.2,10.0,0.463,16.9,-0.4,0.8,0.4,0.03,-3.5,0.4,-3.1,-0.2,925258,698.0
Dennis Schröder,PG,28.0,2TM,64.0,29.0,28.7,0.431,0.344,0.853,3.3,4.6,0.8,0.1,2.2,2.4,13.5,13.0,0.539,22.6,1.0,1.9,2.9,0.076,-1.5,-0.4,-1.9,0.0,5890000,1837.0
Stephen Curry,PG,33.0,GSW,64.0,64.0,34.5,0.437,0.38,0.923,5.2,6.3,1.3,0.4,3.2,2.0,25.5,21.4,0.601,30.8,4.6,3.4,8.0,0.173,5.4,0.4,5.8,4.4,45780966,2208.0
Brandon Clarke,PF,25.0,MEM,64.0,1.0,19.5,0.644,0.227,0.654,5.3,1.3,0.6,1.1,0.5,1.9,10.4,23.7,0.66,17.7,4.4,1.9,6.3,0.241,3.1,1.1,4.2,2.0,2726880,1248.0
Seth Curry,SG,31.0,2TM,64.0,64.0,33.4,0.487,0.422,0.872,3.1,3.6,0.8,0.2,1.7,2.3,15.0,13.7,0.615,18.5,2.7,1.5,4.2,0.095,0.3,-0.9,-0.6,0.8,8207518,2138.0
Cade Cunningham,SG,20.0,DET,64.0,64.0,32.6,0.416,0.314,0.845,5.5,5.6,1.2,0.7,3.7,3.1,17.4,13.1,0.504,27.5,-2.4,1.9,-0.5,-0.011,-1.1,-0.5,-1.6,0.2,10050120,2086.0
Ben McLemore,SG,28.0,POR,64.0,6.0,20.1,0.401,0.362,0.818,1.6,0.9,0.6,0.2,0.9,1.6,10.2,11.7,0.567,21.3,0.7,0.2,0.8,0.031,-0.7,-2.5,-3.2,-0.4,1669178,1286.0
Otto Porter Jr.,PF,28.0,GSW,63.0,15.0,22.2,0.464,0.37,0.803,5.7,1.5,1.1,0.5,0.6,1.3,8.2,15.9,0.581,15.0,2.2,2.7,4.9,0.168,1.0,2.1,3.1,1.8,1669178,1399.0
Lamar Stevens,PF,24.0,CLE,63.0,13.0,16.1,0.489,0.277,0.707,2.6,0.7,0.5,0.3,0.7,1.7,6.1,11.3,0.544,17.1,0.4,1.2,1.6,0.078,-3.2,0.3,-2.9,-0.2,1517981,1014.0
Moritz Wagner,C,24.0,ORL,63.0,3.0,15.2,0.497,0.328,0.806,3.7,1.4,0.3,0.2,0.9,2.0,9.0,18.1,0.623,22.9,1.8,1.0,2.8,0.138,1.5,0.1,1.6,0.9,1729217,958.0
Aaron Holiday,PG,25.0,2TM,63.0,15.0,16.2,0.447,0.379,0.868,1.9,2.4,0.7,0.1,1.1,1.5,6.3,12.6,0.544,18.7,0.5,0.9,1.5,0.068,-1.9,0.3,-1.7,0.1,3980551,1021.0
Terrence Ross,SG,30.0,ORL,63.0,0.0,23.0,0.397,0.292,0.862,2.6,1.8,0.4,0.2,1.2,1.1,10.0,10.0,0.515,20.5,-0.5,0.9,0.3,0.011,-2.5,-1.1,-3.7,-0.6,12500000,1449.0
Kyle Lowry,PG,35.0,MIA,63.0,63.0,33.9,0.44,0.377,0.851,4.5,7.5,1.1,0.3,2.7,2.8,13.4,15.0,0.6,18.2,3.7,2.7,6.4,0.143,1.1,0.8,2.0,2.1,26894128,2136.0
Damion Lee,SG,29.0,GSW,63.0,5.0,19.9,0.441,0.337,0.88,3.2,1.0,0.6,0.1,0.6,1.5,7.4,10.9,0.561,15.8,0.9,1.8,2.7,0.102,-2.4,0.4,-2.0,0.0,1910860,1254.0
Bogdan Bogdanović,SG,29.0,ATL,63.0,27.0,29.3,0.431,0.368,0.843,4.0,3.1,1.1,0.2,1.1,2.1,15.1,15.4,0.562,21.6,2.5,1.2,3.7,0.095,1.5,-0.2,1.3,1.5,18000000,1846.0
CJ McCollum,PG,30.0,2TM,62.0,62.0,34.6,0.46,0.388,0.682,4.3,5.1,1.1,0.4,2.0,2.0,22.1,18.3,0.553,27.5,2.6,1.0,3.6,0.081,3.2,-1.3,1.9,2.1,30864198,2145.0
Danny Green,SF,34.0,PHI,62.0,28.0,21.8,0.394,0.38,0.786,2.5,1.0,1.0,0.6,0.7,1.7,5.9,9.5,0.561,12.3,0.3,1.6,1.9,0.067,-1.4,0.8,-0.5,0.5,10000000,1352.0
Jordan McLaughlin,PG,25.0,MIN,62.0,3.0,14.5,0.44,0.318,0.75,1.5,2.9,0.9,0.2,0.6,0.9,3.8,13.4,0.535,11.8,1.3,1.0,2.3,0.123,-1.2,1.6,0.4,0.6,2000000,899.0
Avery Bradley,SG,31.0,LAL,62.0,45.0,22.7,0.423,0.39,0.889,2.2,0.8,0.9,0.1,0.6,1.9,6.4,7.8,0.55,12.1,0.3,0.9,1.2,0.04,-3.5,-0.1,-3.6,-0.6,1669178,1407.0
Ziaire Williams,SF,20.0,MEM,62.0,31.0,21.7,0.45,0.314,0.782,2.1,1.0,0.6,0.2,0.7,1.8,8.1,9.7,0.559,14.9,1.1,1.1,2.2,0.08,-2.4,-0.6,-3.0,-0.3,4373040,1345.0
Trey Murphy III,SF,21.0,NOP,62.0,1.0,13.9,0.394,0.382,0.882,2.4,0.6,0.4,0.1,0.3,1.0,5.4,12.5,0.558,15.7,1.3,0.6,1.9,0.104,0.2,-1.4,-1.2,0.2,3053760,862.0
Wendell Carter Jr.,PF,22.0,ORL,62.0,61.0,29.9,0.525,0.327,0.691,10.5,2.8,0.6,0.7,1.9,2.7,15.0,18.4,0.601,20.9,2.6,2.4,5.0,0.129,1.0,0.6,1.6,1.7,6920027,1854.0
Jaylen Nowell,SG,22.0,MIN,62.0,1.0,15.7,0.475,0.394,0.783,2.0,2.1,0.4,0.2,0.6,1.2,8.5,16.8,0.581,21.0,2.1,0.7,2.8,0.138,1.5,-0.7,0.8,0.7,1782621,973.0
Jordan Nwora,SF,23.0,MIL,62.0,13.0,19.1,0.403,0.348,0.837,3.6,1.0,0.4,0.3,0.9,1.3,7.9,9.9,0.506,19.4,-0.4,1.1,0.6,0.025,-2.7,-1.5,-4.1,-0.6,1517981,1184.0
Domantas Sabonis,PF,25.0,2TM,62.0,61.0,34.5,0.573,0.312,0.741,12.1,5.2,1.0,0.4,3.1,3.3,18.9,21.9,0.637,22.3,5.3,1.8,7.1,0.159,3.2,0.9,4.1,3.2,19800000,2139.0
James Johnson,PF,34.0,BRK,62.0,10.0,19.2,0.469,0.271,0.527,3.5,2.1,0.5,0.5,0.8,2.6,5.5,10.3,0.513,13.7,0.6,1.1,1.7,0.068,-2.7,0.6,-2.2,-0.1,1669178,1190.0
Robert Williams,C,24.0,BOS,61.0,61.0,29.6,0.736,0.0,0.722,9.6,2.0,0.9,2.2,1.0,2.2,10.0,22.1,0.745,11.5,6.0,3.9,9.9,0.262,2.4,3.1,5.5,3.4,3661976,1806.0
Austin Reaves,SG,23.0,LAL,61.0,19.0,23.2,0.459,0.317,0.839,3.2,1.8,0.5,0.3,0.7,1.4,7.3,11.5,0.6,12.4,2.1,0.8,2.9,0.097,-1.3,-0.6,-1.9,0.0,925258,1415.0
Lauri Markkanen,SF,24.0,CLE,61.0,61.0,30.8,0.445,0.358,0.868,5.7,1.3,0.7,0.5,0.9,2.1,14.8,14.7,0.582,19.5,2.7,2.3,5.0,0.127,0.4,-0.1,0.4,1.1,15690909,1879.0
Kevin Porter Jr.,PG,21.0,HOU,61.0,61.0,31.3,0.415,0.375,0.642,4.4,6.2,1.1,0.4,3.1,2.6,15.6,13.5,0.531,24.1,0.0,0.8,0.8,0.021,-0.1,-1.6,-1.6,0.2,1782621,1909.0
Coby White,PG,21.0,CHI,61.0,17.0,27.5,0.433,0.385,0.857,3.0,2.9,0.5,0.2,1.1,2.2,12.7,12.6,0.564,19.8,1.6,0.8,2.4,0.067,-0.4,-1.7,-2.1,0.0,5837760,1678.0
Aleksej Pokusevski,PF,20.0,OKC,61.0,12.0,20.2,0.408,0.289,0.7,5.2,2.1,0.6,0.6,1.5,1.4,7.6,12.0,0.485,20.0,-1.1,1.5,0.4,0.014,-2.7,0.1,-2.6,-0.2,3113160,1232.0
Gary Harris,SG,27.0,ORL,61.0,30.0,28.4,0.434,0.384,0.874,2.0,1.8,1.0,0.1,1.0,1.8,11.1,10.9,0.571,16.4,1.1,1.0,2.2,0.06,-2.0,-0.4,-2.4,-0.2,20482143,1732.0
Tre Mann,PG,20.0,OKC,60.0,26.0,22.8,0.393,0.36,0.793,2.9,1.5,0.8,0.2,1.2,1.7,10.4,10.2,0.501,22.0,-1.0,1.0,0.1,0.002,-3.3,-1.1,-4.4,-0.8,2901240,1368.0
Talen Horton-Tucker,SG,21.0,LAL,60.0,19.0,25.2,0.416,0.269,0.8,3.2,2.7,1.0,0.5,1.4,2.5,10.0,11.0,0.503,19.2,-0.2,1.2,1.1,0.033,-3.2,-0.2,-3.3,-0.5,9500000,1512.0
Caleb Martin,SF,26.0,MIA,60.0,12.0,22.9,0.507,0.413,0.763,3.8,1.1,1.0,0.5,0.9,1.7,9.2,14.8,0.611,16.3,1.9,2.1,4.0,0.139,0.1,0.9,1.1,1.1,1782621,1374.0
Dwight Howard,C,36.0,LAL,60.0,27.0,16.2,0.612,0.533,0.658,5.9,0.6,0.6,0.6,0.8,1.9,6.2,18.2,0.657,14.6,2.2,1.3,3.5,0.174,-0.2,0.0,-0.2,0.4,1669178,972.0
Chimezie Metu,C,24.0,SAC,60.0,20.0,21.3,0.452,0.306,0.78,5.6,1.0,0.9,0.5,1.0,1.6,8.9,13.4,0.546,18.5,0.1,1.4,1.5,0.056,-1.6,0.1,-1.5,0.2,1762796,1278.0
Garrett Temple,SG,35.0,NOP,59.0,16.0,18.6,0.376,0.319,0.683,2.4,1.3,0.7,0.4,0.7,1.4,5.2,8.6,0.494,13.9,-0.1,1.0,0.8,0.037,-2.8,0.3,-2.5,-0.1,4910000,1097.0
Maxi Kleber,PF,30.0,DAL,59.0,21.0,24.6,0.398,0.325,0.708,5.9,1.2,0.5,1.0,0.8,2.3,7.0,11.0,0.537,13.3,0.7,2.3,3.0,0.098,-1.6,1.2,-0.4,0.6,8975000,1451.0
De'Aaron Fox,PG,24.0,SAC,59.0,59.0,35.3,0.473,0.297,0.75,3.9,5.6,1.2,0.4,2.8,2.9,23.2,17.4,0.549,29.1,1.5,1.0,2.5,0.058,0.6,-1.2,-0.6,0.7,28103550,2083.0
Keita Bates-Diop,SF,26.0,SAS,59.0,14.0,16.2,0.517,0.309,0.754,3.9,0.7,0.5,0.2,0.8,1.0,5.7,12.4,0.578,14.8,0.6,1.0,1.6,0.08,-2.1,-0.5,-2.6,-0.1,1729217,956.0
Nicolas Batum,PF,33.0,LAC,59.0,54.0,24.8,0.463,0.4,0.658,4.3,1.7,1.0,0.7,0.7,1.4,8.3,13.5,0.608,13.3,1.6,2.1,3.7,0.123,0.5,1.9,2.3,1.6,3170029,1463.0
Deandre Ayton,C,23.0,PHO,58.0,58.0,29.5,0.634,0.368,0.746,10.2,1.4,0.7,0.7,1.6,2.4,17.2,21.9,0.656,21.4,4.1,3.1,7.3,0.203,2.2,0.6,2.8,2.1,12632950,1711.0
Caris LeVert,SG,27.0,2TM,58.0,49.0,30.7,0.444,0.32,0.756,3.7,4.3,0.9,0.4,1.9,2.3,17.0,15.1,0.525,25.4,1.2,1.0,2.2,0.059,0.0,-1.2,-1.2,0.4,17500000,1781.0
Eric Paschall,PF,25.0,UTA,58.0,3.0,12.7,0.485,0.37,0.767,1.8,0.6,0.2,0.1,0.5,0.9,5.8,13.9,0.612,17.7,1.4,0.5,2.0,0.127,0.5,-1.0,-0.5,0.3,1782621,737.0
Frank Ntilikina,SG,23.0,DAL,58.0,5.0,11.8,0.399,0.342,0.96,1.4,1.2,0.5,0.1,0.5,1.1,4.1,10.4,0.513,17.4,0.1,0.9,0.9,0.065,-2.8,0.9,-1.9,0.0,1669178,684.0
Cameron Payne,PG,27.0,PHO,58.0,12.0,22.0,0.409,0.336,0.843,3.0,4.9,0.7,0.3,1.8,2.1,10.8,13.8,0.5,24.6,0.2,1.8,1.9,0.073,-0.4,0.4,0.0,0.7,6500000,1276.0
CJ Elleby,SF,21.0,POR,58.0,28.0,20.2,0.393,0.294,0.714,3.9,1.5,0.6,0.3,1.0,2.0,5.8,9.2,0.491,14.8,-0.1,0.5,0.4,0.016,-3.8,-1.5,-5.3,-1.0,1517981,1172.0
Hamidou Diallo,SG,23.0,DET,58.0,29.0,21.9,0.496,0.247,0.65,4.8,1.3,1.2,0.3,1.0,2.5,11.0,15.7,0.541,21.8,0.6,1.5,2.1,0.079,-1.2,0.7,-0.5,0.5,5200000,1270.0
Patrick Beverley,PG,33.0,MIN,58.0,54.0,25.4,0.406,0.343,0.722,4.1,4.6,1.2,0.9,1.3,3.0,9.2,14.8,0.539,16.1,2.3,1.7,4.1,0.132,0.6,2.1,2.7,1.7,14320988,1473.0
Eric Gordon,SG,33.0,HOU,57.0,46.0,29.3,0.475,0.412,0.778,2.0,2.7,0.5,0.3,1.9,1.1,13.4,12.1,0.614,18.6,1.5,-0.1,1.4,0.04,-0.1,-2.2,-2.3,-0.1,18218818,1670.0
Anfernee Simons,SG,22.0,POR,57.0,30.0,29.5,0.443,0.405,0.888,2.6,3.9,0.5,0.1,2.0,1.9,17.3,15.3,0.583,24.8,2.0,-0.1,1.9,0.055,1.9,-2.7,-0.7,0.5,3938818,1682.0
Jimmy Butler,SF,32.0,MIA,57.0,57.0,33.9,0.48,0.233,0.87,5.9,5.5,1.6,0.5,2.1,1.5,21.4,23.6,0.592,26.5,6.2,2.9,9.2,0.228,4.5,1.9,6.3,4.0,36016200,1932.0
Tristan Thompson,C,30.0,3TM,57.0,6.0,15.7,0.528,0.333,0.526,5.1,0.6,0.4,0.4,0.8,1.7,6.0,14.9,0.541,17.5,0.9,0.8,1.6,0.087,-1.6,-1.5,-3.1,-0.3,1000000,895.0
Ja Morant,PG,22.0,MEM,57.0,57.0,33.1,0.493,0.344,0.761,5.7,6.7,1.2,0.4,3.4,1.5,27.4,24.4,0.575,33.7,4.6,2.1,6.7,0.171,6.2,-0.1,6.1,3.9,9603360,1887.0
LeBron James,C,37.0,LAL,56.0,56.0,37.2,0.524,0.359,0.756,8.2,6.2,1.3,1.1,3.5,2.2,30.3,26.2,0.619,32.3,5.2,2.3,7.5,0.172,6.9,0.8,7.7,5.1,41180544,2083.0
Svi Mykhailiuk,SF,24.0,TOR,56.0,5.0,12.8,0.389,0.306,0.865,1.6,0.8,0.5,0.1,0.6,1.0,4.6,9.6,0.509,16.9,0.1,0.7,0.8,0.052,-2.7,-0.2,-2.9,-0.2,1729217,717.0
Jeremy Lamb,SF,29.0,2TM,56.0,0.0,16.7,0.383,0.324,0.84,2.8,1.4,0.6,0.4,0.7,1.1,7.3,13.3,0.521,19.7,0.6,0.6,1.2,0.063,-0.4,-0.5,-0.8,0.3,10500000,935.0
Shai Gilgeous-Alexander,PG,23.0,OKC,56.0,56.0,34.7,0.453,0.3,0.81,5.0,5.9,1.3,0.8,2.8,2.5,24.5,20.9,0.557,30.8,2.8,1.8,4.6,0.113,2.9,0.5,3.4,2.7,5495532,1943.0
Blake Griffin,C,32.0,BRK,56.0,24.0,17.1,0.425,0.262,0.724,4.1,1.9,0.5,0.3,0.6,1.7,6.4,13.7,0.518,16.9,1.2,0.9,2.1,0.106,-0.6,0.1,-0.5,0.3,1669178,958.0
Jusuf Nurkić,C,27.0,POR,56.0,56.0,28.2,0.535,0.268,0.69,11.1,2.8,1.1,0.6,2.6,3.4,15.0,20.0,0.586,23.6,2.0,1.7,3.6,0.11,0.1,0.2,0.3,0.9,12000000,1579.0
Lou Williams,PG,35.0,ATL,56.0,0.0,14.3,0.391,0.363,0.859,1.6,1.9,0.5,0.1,0.8,0.9,6.3,12.1,0.5,21.7,0.2,0.4,0.6,0.034,-2.0,-1.4,-3.4,-0.3,5000000,801.0
DeAndre' Bembry,SF,27.0,2TM,56.0,20.0,18.3,0.561,0.417,0.6,2.9,1.2,0.9,0.4,0.6,2.0,5.1,11.9,0.601,11.2,1.1,1.1,2.2,0.104,-2.2,1.5,-0.7,0.3,518021,1025.0
Damian Jones,C,26.0,SAC,56.0,15.0,18.2,0.658,0.345,0.718,4.4,1.2,0.5,0.8,1.1,2.3,8.1,18.3,0.701,16.2,2.4,0.9,3.3,0.156,-0.2,0.5,0.3,0.6,1977011,1019.0
Jarrett Allen,C,23.0,CLE,56.0,56.0,32.3,0.677,0.1,0.708,10.8,1.6,0.8,1.3,1.7,1.7,16.1,23.0,0.698,18.1,5.4,3.0,8.5,0.224,2.7,1.2,3.9,2.7,20000000,1809.0
Dāvis Bertāns,PF,29.0,2TM,56.0,0.0,14.4,0.36,0.335,0.9,2.1,0.6,0.3,0.2,0.3,1.5,5.6,9.4,0.531,17.3,0.2,0.7,0.9,0.053,-1.7,-0.9,-2.6,-0.1,16000000,806.0
Bam Adebayo,C,24.0,MIA,56.0,56.0,32.6,0.557,0.0,0.753,10.1,3.4,1.4,0.8,2.6,3.1,19.1,21.8,0.608,25.0,3.6,3.5,7.2,0.188,1.7,2.1,3.8,2.7,28103500,1826.0
Omer Yurtseven,C,23.0,MIA,56.0,12.0,12.6,0.526,0.091,0.623,5.3,0.9,0.3,0.4,0.7,1.5,5.3,17.4,0.546,19.9,0.8,1.4,2.1,0.145,-1.4,0.4,-1.0,0.2,1489065,706.0
Tony Bradley,C,24.0,CHI,55.0,7.0,10.0,0.585,,0.655,3.4,0.5,0.2,0.6,0.6,1.1,3.0,14.9,0.6,13.6,0.6,0.7,1.3,0.112,-2.0,0.2,-1.8,0.0,1669178,550.0
Brandon Ingram,SF,24.0,NOP,55.0,55.0,34.0,0.461,0.327,0.826,5.8,5.6,0.6,0.5,2.7,2.2,22.7,18.7,0.554,29.3,2.5,1.3,3.9,0.099,2.6,-0.6,2.0,1.9,29467800,1870.0
Kevin Durant,PF,33.0,BRK,55.0,55.0,37.2,0.518,0.383,0.91,7.4,6.4,0.9,0.9,3.5,2.1,29.9,25.6,0.634,31.2,6.4,2.0,8.4,0.198,6.4,0.7,7.2,4.8,42018900,2046.0
Jalen McDaniels,SF,24.0,CHO,55.0,2.0,16.3,0.484,0.38,0.736,3.1,1.1,0.5,0.4,0.7,1.7,6.2,12.7,0.595,15.3,1.0,0.7,1.7,0.093,-1.9,-0.4,-2.3,-0.1,1782621,896.0
Tomáš Satoranský,SG,30.0,3TM,55.0,13.0,16.5,0.377,0.208,0.796,2.3,3.3,0.5,0.1,0.8,1.3,3.6,10.2,0.461,12.6,0.5,0.6,1.0,0.055,-3.3,-0.3,-3.7,-0.4,10000000,908.0
Naji Marshall,SF,24.0,NOP,55.0,4.0,13.4,0.405,0.2,0.796,2.6,1.1,0.6,0.1,0.8,1.3,5.7,12.3,0.505,20.8,0.0,0.7,0.8,0.05,-2.7,-0.5,-3.2,-0.2,1517981,737.0
Chris Duarte,SG,24.0,IND,55.0,39.0,28.0,0.432,0.369,0.804,4.1,2.1,1.0,0.2,1.6,1.7,13.1,12.3,0.537,21.1,0.2,0.7,0.9,0.029,-1.2,-1.1,-2.3,-0.1,3749400,1540.0
Isaiah Joe,SG,22.0,PHI,55.0,1.0,11.1,0.35,0.333,0.935,1.0,0.6,0.3,0.1,0.3,0.9,3.6,7.7,0.519,15.5,0.0,0.4,0.4,0.035,-3.1,-1.5,-4.6,-0.4,1517981,610.0
Shake Milton,SG,25.0,PHI,55.0,6.0,21.4,0.429,0.323,0.836,2.6,2.5,0.5,0.3,0.8,1.8,8.2,11.9,0.517,18.3,0.7,1.0,1.7,0.069,-1.6,-0.6,-2.2,-0.1,1846738,1177.0
Rudy Gay,PF,35.0,UTA,55.0,1.0,18.9,0.414,0.345,0.785,4.4,1.0,0.5,0.3,0.9,1.7,8.1,13.0,0.539,19.3,0.8,1.3,2.1,0.097,-0.7,-0.3,-1.0,0.3,5890000,1040.0
D.J. Augustin,PG,34.0,2TM,55.0,2.0,16.1,0.423,0.415,0.884,1.2,1.9,0.3,0.0,1.0,0.7,5.3,9.7,0.61,14.3,0.7,0.1,0.8,0.043,-1.2,-2.4,-3.6,-0.4,393312,886.0
Khem Birch,C,29.0,TOR,55.0,28.0,18.0,0.485,0.0,0.746,4.3,1.0,0.5,0.5,0.5,1.9,4.5,13.2,0.534,11.2,1.5,1.1,2.6,0.126,-1.7,0.4,-1.3,0.2,6350000,990.0
Eric Bledsoe,PG,32.0,LAC,54.0,29.0,25.2,0.421,0.313,0.761,3.4,4.2,1.3,0.4,2.1,1.6,9.9,12.5,0.514,20.5,-0.5,1.8,1.3,0.047,-2.1,1.3,-0.8,0.4,18125000,1361.0
Josh Giddey,SF,19.0,OKC,54.0,54.0,31.5,0.419,0.263,0.709,7.8,6.4,0.9,0.4,3.2,1.6,12.5,13.3,0.478,22.2,-1.3,1.7,0.4,0.01,-1.2,0.3,-0.9,0.5,5988000,1701.0
Serge Ibaka,C,32.0,2TM,54.0,12.0,16.2,0.5,0.374,0.727,4.6,0.9,0.2,0.6,0.8,1.9,6.8,14.4,0.579,17.8,0.8,1.1,2.0,0.108,-1.3,-0.2,-1.5,0.1,9720900,875.0
Jock Landale,C,26.0,SAS,54.0,1.0,10.9,0.495,0.326,0.829,2.6,0.8,0.2,0.3,0.6,1.0,4.9,16.0,0.597,18.1,1.0,0.4,1.5,0.121,0.7,-1.1,-0.4,0.2,925258,589.0
Josh Hart,SG,26.0,2TM,54.0,53.0,33.2,0.504,0.343,0.758,7.2,4.1,1.1,0.2,2.1,2.8,14.9,16.1,0.61,18.6,2.8,1.5,4.4,0.117,0.5,0.5,0.9,1.3,12000000,1793.0
John Collins,PF,24.0,ATL,54.0,53.0,30.8,0.526,0.364,0.793,7.8,1.8,0.6,1.0,1.1,3.0,16.2,18.7,0.61,20.5,3.6,1.4,5.1,0.146,1.5,0.0,1.5,1.5,23000000,1663.0
George Hill,PG,35.0,MIL,54.0,17.0,23.2,0.429,0.306,0.919,2.9,2.2,0.8,0.1,0.8,1.3,6.2,10.2,0.552,11.7,1.3,1.0,2.3,0.087,-2.2,0.6,-1.6,0.1,4000000,1253.0
Marcus Morris,PF,32.0,LAC,54.0,54.0,29.0,0.434,0.367,0.872,4.4,2.1,0.5,0.3,1.3,2.1,15.4,13.7,0.549,23.2,0.9,1.5,2.4,0.074,-0.3,-1.0,-1.4,0.3,15627907,1566.0
Xavier Tillman Sr.,PF,23.0,MEM,53.0,2.0,13.2,0.454,0.204,0.648,3.0,1.2,0.9,0.3,0.6,1.2,4.8,15.1,0.51,16.4,0.6,1.2,1.8,0.121,-1.1,1.8,0.7,0.5,1517981,700.0
De'Andre Hunter,SF,24.0,ATL,53.0,52.0,29.8,0.442,0.379,0.765,3.3,1.3,0.7,0.4,1.3,2.9,13.4,10.6,0.547,19.9,0.4,0.7,1.1,0.034,-2.4,-1.5,-3.9,-0.8,7775400,1579.0
Tony Snell,SG,30.0,2TM,53.0,12.0,15.5,0.404,0.352,1.0,1.9,0.5,0.3,0.2,0.4,1.3,3.5,6.3,0.541,10.1,0.2,0.2,0.4,0.023,-3.4,-0.8,-4.2,-0.5,1669178,822.0
Frank Jackson,PG,23.0,DET,53.0,7.0,22.0,0.402,0.308,0.827,1.6,1.0,0.5,0.2,0.7,1.7,10.6,10.6,0.53,20.9,0.3,0.4,0.7,0.031,-1.8,-1.7,-3.5,-0.4,3000000,1166.0
Taj Gibson,C,36.0,NYK,52.0,4.0,18.2,0.518,0.395,0.808,4.4,0.6,0.4,0.8,0.5,2.6,4.4,12.0,0.606,10.0,1.4,1.2,2.7,0.135,-3.0,1.0,-2.0,0.0,4910000,946.0
Aaron Nesmith,SF,22.0,BOS,52.0,3.0,11.0,0.396,0.27,0.808,1.7,0.4,0.4,0.1,0.6,1.3,3.8,7.3,0.507,17.2,-0.4,0.9,0.4,0.038,-4.9,0.7,-4.3,-0.3,3631200,572.0
Timothé Luwawu-Cabarrot,SF,26.0,ATL,52.0,18.0,13.2,0.398,0.361,0.854,1.6,0.8,0.3,0.1,0.4,1.5,4.4,9.3,0.556,14.3,0.6,0.3,0.9,0.061,-2.3,-1.0,-3.3,-0.2,1669178,686.0
Moses Moody,SG,19.0,GSW,52.0,11.0,11.7,0.437,0.364,0.778,1.5,0.4,0.1,0.2,0.3,0.8,4.4,10.5,0.573,15.2,0.6,0.7,1.3,0.101,-1.4,-1.1,-2.5,-0.1,3562200,608.0
Thaddeus Young,PF,33.0,2TM,52.0,1.0,16.3,0.518,0.354,0.469,4.0,2.0,1.0,0.3,1.0,1.6,6.2,17.0,0.548,17.4,0.9,1.3,2.2,0.126,0.1,2.1,2.2,0.9,14190000,848.0
Rodney Hood,SF,29.0,2TM,52.0,0.0,13.6,0.369,0.33,0.895,1.5,0.7,0.3,0.1,0.2,0.6,3.1,7.2,0.493,10.7,0.2,0.5,0.7,0.048,-3.0,-0.3,-3.3,-0.2,1669178,707.0
Doug McDermott,PF,30.0,SAS,51.0,51.0,24.0,0.462,0.422,0.784,2.3,1.3,0.3,0.1,0.8,1.5,11.3,11.4,0.593,18.3,1.1,0.5,1.6,0.062,-0.4,-2.1,-2.5,-0.1,13750000,1224.0
Jalen Smith,PF,21.0,2TM,51.0,8.0,18.1,0.503,0.328,0.765,6.0,0.5,0.3,0.8,0.8,1.9,9.2,18.4,0.595,20.3,1.7,1.1,2.8,0.145,0.9,-1.4,-0.5,0.3,4458000,923.0
Kristaps Porziņģis,PF,26.0,2TM,51.0,51.0,29.0,0.459,0.31,0.867,8.1,2.3,0.7,1.6,1.6,2.7,20.2,23.7,0.577,29.5,3.2,2.4,5.6,0.18,3.3,0.6,3.9,2.2,31650600,1479.0
Luguentz Dort,SG,22.0,OKC,51.0,51.0,32.6,0.404,0.332,0.843,4.2,1.7,0.9,0.4,1.7,2.9,17.2,12.3,0.541,23.3,0.2,1.1,1.4,0.04,-1.5,-0.7,-2.3,-0.1,1782621,1663.0
Théo Maledon,PG,20.0,OKC,51.0,7.0,17.8,0.375,0.293,0.79,2.6,2.2,0.6,0.2,1.3,1.3,7.1,10.6,0.5,20.3,-0.5,0.8,0.3,0.015,-3.7,-0.7,-4.4,-0.6,2000000,908.0
Josh Jackson,SF,24.0,2TM,51.0,3.0,16.3,0.4,0.254,0.714,2.8,1.1,0.5,0.4,0.9,1.7,6.4,9.5,0.491,19.7,-0.7,0.7,0.0,0.001,-4.1,-0.4,-4.5,-0.5,5005350,831.0
Rodney McGruder,SG,30.0,DET,51.0,2.0,14.8,0.436,0.397,0.731,2.2,0.9,0.4,0.1,0.5,1.1,5.4,11.6,0.577,14.8,0.7,0.4,1.2,0.075,-0.7,-0.7,-1.4,0.1,1669178,755.0
Brandon Boston Jr.,SG,20.0,LAC,51.0,0.0,14.9,0.385,0.306,0.819,2.2,1.0,0.5,0.3,0.6,0.8,6.7,11.2,0.481,22.4,-0.5,0.9,0.4,0.026,-3.0,-0.4,-3.3,-0.3,925258,760.0
Dean Wade,PF,25.0,CLE,51.0,28.0,19.2,0.456,0.359,0.667,2.9,1.0,0.6,0.1,0.3,1.7,5.3,10.1,0.584,11.1,1.1,1.1,2.3,0.111,-1.9,1.3,-0.6,0.4,1782621,979.0
Derrick Jones Jr.,PF,24.0,CHI,51.0,8.0,17.6,0.538,0.328,0.8,3.3,0.6,0.5,0.6,0.6,2.1,5.6,13.0,0.633,12.5,1.4,0.8,2.2,0.119,-1.5,0.5,-0.9,0.2,9720900,898.0
Nick Richards,C,24.0,CHO,50.0,5.0,7.3,0.667,,0.698,1.7,0.3,0.2,0.4,0.5,1.0,3.0,15.9,0.689,15.4,0.6,0.3,1.0,0.125,-2.6,-0.2,-2.8,-0.1,1517981,365.0
Dylan Windler,SF,25.0,CLE,50.0,0.0,9.2,0.378,0.3,0.833,1.8,0.7,0.3,0.1,0.3,0.9,2.2,8.8,0.519,11.8,0.2,0.6,0.8,0.084,-3.0,1.2,-1.7,0.0,2239200,460.0
Willy Hernangómez,C,27.0,NOP,50.0,8.0,16.8,0.52,0.333,0.773,6.8,1.3,0.4,0.4,1.0,1.9,9.1,22.2,0.582,22.5,2.2,0.9,3.2,0.18,1.8,-1.5,0.2,0.5,2327220,840.0
Joshua Primo,SF,19.0,SAS,50.0,16.0,19.3,0.374,0.307,0.746,2.3,1.6,0.4,0.5,1.1,1.6,5.8,7.1,0.487,15.4,-0.6,0.6,0.0,0.001,-3.8,-1.1,-5.0,-0.7,3946800,965.0
Goga Bitadze,C,22.0,IND,50.0,16.0,14.6,0.52,0.288,0.681,3.5,1.1,0.4,0.8,0.9,2.1,7.0,18.0,0.595,19.9,1.3,0.6,1.9,0.122,-0.2,-0.6,-0.8,0.2,3098400,730.0
Jeremiah Robinson-Earl,C,21.0,OKC,49.0,36.0,22.2,0.414,0.352,0.741,5.6,1.0,0.6,0.3,0.8,1.5,7.5,11.7,0.526,15.4,0.4,1.0,1.5,0.066,-1.9,-0.4,-2.2,-0.1,2000000,1088.0
Kenrich Williams,SF,27.0,OKC,49.0,0.0,21.9,0.461,0.339,0.545,4.5,2.2,0.9,0.2,0.9,1.7,7.4,13.3,0.532,15.6,0.8,1.0,1.8,0.081,-1.3,1.1,-0.3,0.5,2000000,1073.0
Josh Okogie,SG,23.0,MIN,49.0,6.0,10.5,0.404,0.298,0.686,1.4,0.5,0.5,0.2,0.5,1.1,2.7,9.0,0.526,12.1,0.1,0.5,0.7,0.062,-3.7,0.9,-2.7,-0.1,4087904,514.0
Cam Reddish,SF,22.0,2TM,49.0,7.0,20.7,0.404,0.359,0.902,2.1,1.0,1.0,0.3,1.2,1.2,10.1,12.8,0.543,22.2,0.2,0.8,1.0,0.046,-1.0,-0.3,-1.3,0.2,4670160,1014.0
Sterling Brown,SG,26.0,DAL,49.0,3.0,12.8,0.381,0.304,0.933,3.0,0.7,0.3,0.1,0.5,1.1,3.3,8.4,0.495,13.2,-0.1,0.9,0.8,0.061,-3.4,0.5,-2.9,-0.1,3000000,627.0
Wesley Matthews,SG,35.0,MIL,49.0,14.0,20.4,0.395,0.338,0.786,1.9,0.7,0.5,0.2,0.4,1.8,5.1,6.9,0.536,10.7,0.6,0.6,1.2,0.056,-3.0,-0.3,-3.3,-0.3,1237494,1000.0
Gordon Hayward,SF,31.0,CHO,49.0,48.0,31.9,0.459,0.391,0.846,4.6,3.6,1.0,0.4,1.7,1.7,15.9,15.1,0.57,20.7,1.9,1.0,2.8,0.087,0.1,-0.8,-0.7,0.5,29925000,1563.0
DeAndre Jordan,C,33.0,2TM,48.0,20.0,13.0,0.643,,0.55,5.5,0.4,0.3,0.7,0.8,1.5,4.3,17.2,0.641,13.9,0.9,1.0,1.9,0.145,-1.5,0.1,-1.4,0.1,374126,624.0
DeMarcus Cousins,C,31.0,2TM,48.0,7.0,15.0,0.46,0.303,0.76,5.6,1.5,0.7,0.4,1.8,2.9,9.0,18.2,0.567,28.1,0.3,1.3,1.6,0.104,-1.8,0.2,-1.6,0.1,431684,720.0
OG Anunoby,SF,24.0,TOR,48.0,48.0,36.0,0.443,0.363,0.754,5.5,2.6,1.5,0.5,1.7,2.7,17.1,14.8,0.549,20.5,1.8,1.9,3.7,0.104,0.4,0.1,0.5,1.1,16071429,1728.0
Greg Brown III,SF,20.0,POR,48.0,6.0,13.3,0.426,0.311,0.677,2.8,0.7,0.5,0.5,0.8,1.9,4.7,11.0,0.515,17.2,-0.1,0.5,0.4,0.029,-4.0,-0.7,-4.7,-0.4,925258,638.0
Romeo Langford,SG,22.0,2TM,48.0,5.0,16.1,0.435,0.341,0.548,2.3,0.4,0.5,0.3,0.3,1.0,4.5,9.2,0.52,12.9,0.3,1.0,1.3,0.082,-2.3,1.0,-1.4,0.1,3804360,773.0
Stanley Johnson,PF,25.0,LAL,48.0,27.0,22.8,0.466,0.314,0.716,3.2,1.7,0.9,0.3,0.7,2.3,6.7,10.5,0.564,12.5,0.9,0.9,1.8,0.079,-2.8,0.1,-2.7,-0.2,888616,1094.0
Thanasis Antetokounmpo,SF,29.0,MIL,48.0,6.0,9.9,0.547,0.143,0.63,2.1,0.5,0.3,0.3,0.5,1.4,3.6,12.5,0.577,15.7,0.4,0.5,0.9,0.095,-3.5,-0.1,-3.5,-0.2,1669178,475.0
Ty Jerome,SG,24.0,OKC,48.0,4.0,16.7,0.378,0.29,0.809,1.6,2.3,0.6,0.1,0.8,1.5,7.1,11.3,0.488,20.8,0.0,0.5,0.5,0.032,-2.2,-0.2,-2.3,-0.1,2412840,802.0
Justise Winslow,PF,25.0,2TM,48.0,11.0,16.1,0.428,0.227,0.591,4.2,1.8,0.7,0.5,1.0,1.4,5.7,13.1,0.479,18.9,-0.3,1.1,0.8,0.048,-2.7,1.0,-1.7,0.1,3902439,773.0
Duane Washington Jr.,PG,21.0,IND,48.0,7.0,20.2,0.405,0.377,0.754,1.7,1.8,0.5,0.1,1.2,1.4,9.9,10.2,0.521,22.6,-0.2,0.2,0.0,-0.002,-1.9,-2.8,-4.7,-0.7,950000,970.0
Onyeka Okongwu,C,21.0,ATL,48.0,6.0,20.7,0.69,,0.727,5.9,1.1,0.6,1.3,0.9,3.1,8.2,19.8,0.714,14.0,3.1,1.1,4.2,0.202,0.0,0.8,0.8,0.7,6104280,994.0
Trendon Watford,SF,21.0,POR,48.0,10.0,18.1,0.532,0.237,0.755,4.1,1.7,0.5,0.6,0.9,2.4,7.6,15.8,0.59,17.6,1.4,0.5,1.9,0.104,-1.4,-0.4,-1.7,0.1,436482,869.0
Marvin Bagley III,PF,22.0,2TM,48.0,25.0,24.0,0.504,0.237,0.663,7.0,0.8,0.5,0.4,0.8,1.9,11.3,15.7,0.551,19.8,1.2,0.9,2.0,0.084,-0.5,-1.8,-2.3,-0.1,11312114,1152.0
Jalen Suggs,PG,20.0,ORL,48.0,45.0,27.2,0.361,0.214,0.773,3.6,4.4,1.2,0.4,3.0,3.0,11.8,8.6,0.455,25.3,-3.0,1.3,-1.6,-0.06,-5.3,-0.2,-5.6,-1.2,6593040,1306.0
Maurice Harkless,SF,28.0,SAC,47.0,24.0,18.4,0.459,0.307,0.714,2.4,0.5,0.6,0.5,0.7,1.6,4.6,7.7,0.561,11.2,-0.1,0.6,0.5,0.026,-3.7,0.4,-3.3,-0.3,4347600,865.0
Jerami Grant,PF,27.0,DET,47.0,47.0,31.9,0.426,0.358,0.838,4.1,2.4,0.9,1.0,1.8,2.3,19.2,16.1,0.556,25.7,1.2,1.1,2.3,0.075,1.4,-0.2,1.2,1.2,20002500,1499.0
LaMarcus Aldridge,C,36.0,BRK,47.0,12.0,22.3,0.55,0.304,0.873,5.5,0.9,0.3,1.0,0.9,1.7,12.9,19.6,0.604,22.4,2.1,1.0,3.1,0.141,1.3,-0.6,0.7,0.7,1669178,1048.0
Nic Claxton,C,22.0,BRK,47.0,19.0,20.7,0.674,,0.581,5.6,0.9,0.5,1.1,0.8,2.3,8.7,18.6,0.672,15.1,2.3,1.2,3.5,0.171,0.3,0.2,0.5,0.6,1782621,973.0
Daniel Theis,C,29.0,2TM,47.0,27.0,20.8,0.519,0.308,0.681,4.9,0.9,0.4,0.7,1.0,2.4,8.2,13.2,0.595,16.2,0.9,1.0,1.9,0.093,-1.9,-0.2,-2.1,0.0,8280351,978.0
Lance Stephenson,SG,31.0,2TM,46.0,1.0,17.7,0.455,0.3,0.788,2.8,3.6,0.5,0.1,1.6,2.1,8.3,13.6,0.536,22.6,0.4,0.4,0.8,0.048,-1.6,-1.6,-3.2,-0.2,642729,814.0
Larry Nance Jr.,PF,29.0,2TM,46.0,11.0,22.6,0.522,0.329,0.702,5.4,1.8,0.9,0.4,0.8,1.8,7.0,14.4,0.59,12.8,1.5,0.8,2.3,0.104,-0.4,0.3,-0.1,0.5,10690909,1040.0
David Nwaba,SF,29.0,HOU,46.0,4.0,13.2,0.483,0.306,0.716,3.3,0.8,0.6,0.4,0.5,1.2,5.1,15.3,0.567,15.8,0.8,0.5,1.3,0.105,-0.6,0.0,-0.6,0.2,4650000,607.0
Quentin Grimes,SG,21.0,NYK,46.0,6.0,17.1,0.404,0.381,0.684,2.0,1.0,0.7,0.2,0.6,1.6,6.0,10.7,0.565,15.1,0.6,0.9,1.4,0.087,-1.2,0.9,-0.3,0.3,2168760,787.0
Draymond Green,PF,31.0,GSW,46.0,44.0,28.9,0.525,0.296,0.659,7.3,7.0,1.3,1.1,3.0,3.0,7.5,14.3,0.582,14.3,0.8,2.8,3.6,0.131,-1.4,4.6,3.2,1.8,24026712,1329.0
Isaiah Roby,PF,23.0,OKC,45.0,28.0,21.1,0.514,0.444,0.672,4.8,1.6,0.8,0.8,1.0,2.4,10.1,18.3,0.607,19.0,1.8,1.1,2.9,0.147,0.4,0.2,0.6,0.6,1782621,950.0
Richaun Holmes,C,28.0,SAC,45.0,37.0,23.9,0.66,0.4,0.778,7.0,1.1,0.4,0.9,1.2,2.8,10.4,17.8,0.689,15.8,2.4,0.9,3.2,0.145,-0.4,-0.1,-0.5,0.4,10384500,1076.0
Norman Powell,SF,28.0,2TM,45.0,41.0,32.4,0.461,0.419,0.811,3.2,2.1,0.9,0.5,1.5,2.4,19.0,16.3,0.603,23.1,2.4,0.4,2.8,0.093,1.2,-1.5,-0.3,0.6,15517241,1458.0
Joe Ingles,SF,34.0,UTA,45.0,15.0,24.9,0.404,0.347,0.773,2.9,3.5,0.5,0.1,1.0,1.8,7.2,10.0,0.551,13.2,1.3,0.9,2.2,0.094,-0.7,0.5,-0.3,0.5,13036364,1120.0
Malachi Flynn,PG,23.0,TOR,44.0,5.0,12.2,0.393,0.333,0.625,1.4,1.6,0.5,0.1,0.3,1.0,4.3,11.7,0.488,16.5,0.5,0.5,1.0,0.092,-1.8,0.4,-1.5,0.1,2048040,537.0
Anthony Gill,PF,29.0,WAS,44.0,0.0,10.5,0.569,0.538,0.808,1.9,0.6,0.1,0.3,0.4,1.3,4.1,14.7,0.682,14.4,1.1,0.2,1.4,0.14,-0.6,-1.3,-1.9,0.0,1517981,462.0
Gorgui Dieng,C,32.0,ATL,44.0,3.0,8.4,0.473,0.426,0.731,2.8,0.8,0.3,0.3,0.5,1.2,3.5,17.3,0.624,16.9,0.8,0.4,1.2,0.155,1.4,0.8,2.1,0.4,4000000,370.0
Mike Muscala,C,30.0,OKC,43.0,0.0,13.8,0.456,0.429,0.842,3.0,0.5,0.4,0.6,0.3,1.3,8.0,19.7,0.63,20.9,1.4,0.7,2.1,0.17,3.8,1.2,5.0,1.1,3365385,593.0
Wayne Ellington,SG,34.0,LAL,43.0,9.0,18.8,0.414,0.389,0.818,1.8,0.7,0.5,0.1,0.4,1.0,6.7,9.9,0.593,13.8,0.6,0.4,1.0,0.062,-0.7,-0.6,-1.4,0.1,1669178,808.0
Rui Hachimura,PF,23.0,WAS,42.0,13.0,22.5,0.491,0.447,0.697,3.8,1.1,0.5,0.2,0.8,1.3,11.3,14.9,0.579,20.9,0.9,0.6,1.4,0.073,0.2,-1.7,-1.4,0.1,4916160,945.0
Myles Turner,C,25.0,IND,42.0,42.0,29.4,0.509,0.333,0.752,7.1,1.0,0.7,2.8,1.3,2.8,12.9,17.4,0.615,17.1,1.7,1.4,3.1,0.12,0.1,1.4,1.4,1.1,18000000,1235.0
Donte DiVincenzo,SG,25.0,2TM,42.0,1.0,24.0,0.351,0.339,0.843,4.0,2.8,1.1,0.2,1.7,1.6,9.0,11.3,0.51,18.9,-0.1,0.9,0.7,0.035,-1.8,-0.5,-2.3,-0.1,4675830,1008.0
Nassir Little,SF,21.0,POR,42.0,23.0,25.9,0.46,0.331,0.734,5.6,1.3,0.6,0.9,1.0,2.0,9.8,13.5,0.575,15.8,1.2,0.6,1.7,0.076,-0.9,-0.6,-1.4,0.2,2316240,1088.0
Tim Hardaway Jr.,SG,29.0,DAL,42.0,20.0,29.6,0.394,0.336,0.757,3.7,2.2,0.9,0.1,0.8,1.8,14.2,12.7,0.52,22.0,0.5,1.5,2.0,0.077,-0.4,0.2,-0.2,0.6,21308816,1243.0
Danuel House Jr.,SF,28.0,3TM,42.0,7.0,17.3,0.404,0.376,0.759,2.6,1.0,0.5,0.4,0.8,1.2,5.9,10.6,0.555,15.2,0.4,0.7,1.0,0.068,-1.3,0.2,-1.1,0.2,565986,727.0
Trey Burke,PG,29.0,DAL,42.0,0.0,10.5,0.391,0.317,0.87,0.8,1.4,0.3,0.0,0.6,0.9,5.1,10.0,0.475,25.6,-0.4,0.4,0.0,0.003,-3.6,-1.4,-5.0,-0.3,3150000,441.0
Jared Butler,SG,21.0,UTA,42.0,1.0,8.6,0.404,0.318,0.688,1.1,1.5,0.4,0.2,0.8,1.1,3.8,12.1,0.509,23.1,0.0,0.5,0.4,0.057,-2.3,0.7,-1.6,0.0,925258,361.0
Alex Caruso,SG,27.0,CHI,41.0,18.0,28.0,0.398,0.333,0.795,3.6,4.0,1.7,0.4,1.4,2.6,7.4,11.7,0.528,13.3,0.7,1.2,2.0,0.082,-2.2,2.3,0.2,0.6,8650651,1148.0
Zeke Nnaji,PF,21.0,DEN,41.0,1.0,17.0,0.516,0.463,0.631,3.6,0.4,0.4,0.3,0.6,1.9,6.6,13.5,0.629,14.9,1.2,0.6,1.8,0.123,-0.7,-1.6,-2.2,0.0,2498760,697.0
Juancho Hernangómez,PF,26.0,3TM,40.0,9.0,11.1,0.415,0.348,0.559,2.5,0.5,0.4,0.3,0.4,0.6,3.3,11.5,0.542,13.4,0.3,0.6,0.9,0.095,-0.7,0.1,-0.6,0.2,6907815,444.0
Matt Thomas,SG,27.0,CHI,40.0,0.0,11.5,0.41,0.385,0.8,1.3,0.5,0.2,0.1,0.2,0.5,4.0,9.9,0.564,14.5,0.3,0.2,0.6,0.058,-1.2,-1.5,-2.6,-0.1,1669178,460.0
Anthony Davis,C,28.0,LAL,40.0,40.0,35.1,0.532,0.186,0.713,9.9,3.1,1.2,2.3,2.1,2.4,23.2,23.9,0.578,27.1,2.6,2.0,4.5,0.155,2.6,1.2,3.8,2.0,35361360,1404.0
Miles McBride,PG,21.0,NYK,40.0,2.0,9.3,0.296,0.25,0.667,1.1,1.0,0.4,0.0,0.1,1.1,2.2,6.1,0.393,13.9,-0.1,0.4,0.2,0.032,-5.5,1.0,-4.5,-0.2,925258,372.0
Bradley Beal,SG,28.0,WAS,40.0,40.0,36.0,0.451,0.3,0.833,4.7,6.6,0.9,0.4,3.4,2.4,23.2,17.5,0.539,30.8,0.6,0.7,1.4,0.046,2.0,-1.2,0.8,1.0,33724200,1440.0
Kelly Olynyk,C,30.0,DET,40.0,1.0,19.1,0.448,0.336,0.775,4.4,2.8,0.8,0.5,1.5,2.5,9.1,16.7,0.561,21.5,0.8,0.8,1.6,0.104,0.5,1.0,1.6,0.7,12195122,764.0
Kent Bazemore,SF,32.0,LAL,39.0,14.0,14.0,0.324,0.363,0.765,1.8,0.9,0.6,0.2,0.5,1.8,3.4,6.0,0.451,13.2,-0.4,0.5,0.1,0.006,-5.1,0.8,-4.3,-0.3,1669178,546.0
Alex Len,C,28.0,SAC,39.0,10.0,15.9,0.534,0.286,0.651,4.1,1.2,0.3,0.6,1.1,2.6,6.0,13.1,0.577,17.1,0.4,0.5,0.9,0.07,-3.2,0.3,-2.9,-0.1,3732000,620.0
Rajon Rondo,PG,35.0,2TM,39.0,1.0,17.9,0.386,0.352,0.731,2.8,4.4,0.8,0.2,1.7,1.4,4.8,10.9,0.496,16.0,-0.1,0.8,0.7,0.048,-2.4,0.7,-1.7,0.1,1669178,698.0
Derrick Favors,C,30.0,OKC,39.0,18.0,16.7,0.516,0.125,0.64,4.7,0.6,0.4,0.3,0.2,1.6,5.3,13.6,0.534,13.4,0.8,0.7,1.4,0.105,-2.3,0.3,-2.1,0.0,9720900,651.0
Yuta Watanabe,SF,27.0,TOR,38.0,4.0,11.7,0.406,0.342,0.6,2.4,0.6,0.3,0.4,0.5,1.0,4.3,11.5,0.524,16.8,0.1,0.6,0.7,0.075,-1.9,0.0,-2.0,0.0,1762796,445.0
Paul Reed,C,22.0,PHI,38.0,2.0,7.9,0.563,0.25,0.429,2.4,0.4,0.9,0.4,0.3,1.5,3.1,21.4,0.568,16.7,0.6,0.7,1.3,0.212,-0.8,2.9,2.1,0.3,1517981,300.0
Jarrett Culver,SG,22.0,MEM,37.0,0.0,9.1,0.378,0.255,0.471,1.3,0.9,0.5,0.1,0.5,1.1,3.5,8.7,0.433,20.6,-0.4,0.5,0.1,0.012,-5.7,0.3,-5.4,-0.3,6395160,337.0
Saben Lee,PG,22.0,DET,37.0,0.0,16.3,0.39,0.233,0.789,2.4,2.9,1.0,0.3,1.0,1.2,5.6,13.8,0.499,17.3,0.3,0.7,0.9,0.073,-1.9,1.5,-0.4,0.2,1489065,603.0
Keon Johnson,SG,19.0,2TM,37.0,12.0,18.8,0.353,0.34,0.804,2.2,2.1,0.8,0.3,1.2,1.9,7.2,8.7,0.453,21.2,-0.8,0.4,-0.5,-0.031,-4.0,-2.0,-5.9,-0.7,2553120,696.0
Kemba Walker,PG,31.0,NYK,37.0,37.0,25.6,0.403,0.367,0.845,3.0,3.5,0.7,0.2,1.3,1.0,11.6,13.9,0.537,20.8,1.0,0.9,1.8,0.093,0.7,-0.2,0.4,0.6,8729020,947.0
Robin Lopez,C,33.0,ORL,36.0,9.0,17.0,0.553,0.333,0.593,3.5,1.5,0.1,0.5,1.2,1.9,7.1,13.7,0.57,18.9,0.5,0.3,0.8,0.064,-2.4,-1.4,-3.8,-0.3,5000000,612.0
Isaiah Jackson,C,20.0,IND,36.0,15.0,15.0,0.563,0.313,0.682,4.1,0.3,0.7,1.4,1.1,2.6,8.3,20.5,0.607,22.5,0.7,0.7,1.4,0.126,-1.6,0.0,-1.6,0.0,2451240,540.0
Killian Tillie,C,23.0,MEM,36.0,3.0,12.8,0.339,0.314,0.625,1.7,0.6,0.6,0.4,0.4,1.6,3.3,7.6,0.452,12.8,-0.1,0.6,0.6,0.058,-3.8,1.1,-2.7,-0.1,1901625,461.0
Malcolm Brogdon,PG,29.0,IND,36.0,36.0,33.5,0.448,0.312,0.856,5.1,5.9,0.8,0.4,2.1,2.0,19.1,18.0,0.557,24.6,2.2,0.4,2.7,0.106,2.8,-0.5,2.3,1.3,21700000,1206.0
Bismack Biyombo,C,29.0,PHO,36.0,3.0,14.1,0.593,,0.535,4.6,0.6,0.3,0.7,0.7,1.9,5.8,17.3,0.596,17.1,0.9,0.9,1.8,0.17,-1.7,0.4,-1.3,0.1,863368,508.0
Elijah Hughes,SG,23.0,2TM,36.0,4.0,12.1,0.326,0.263,0.778,1.6,0.6,0.4,0.2,0.5,1.1,3.5,5.4,0.426,16.5,-0.6,0.3,-0.4,-0.043,-5.2,-1.7,-6.9,-0.5,1517981,436.0
Enes Freedom,C,29.0,BOS,35.0,1.0,11.7,0.526,0.4,0.857,4.6,0.2,0.1,0.4,0.6,1.2,3.7,15.0,0.585,13.9,0.6,0.7,1.4,0.16,-1.2,-0.2,-1.4,0.1,1669178,410.0
Lonzo Ball,PG,24.0,CHI,35.0,35.0,34.6,0.423,0.423,0.75,5.4,5.1,1.8,0.9,2.3,2.4,13.0,14.5,0.575,17.4,0.8,1.4,2.2,0.088,0.9,1.6,2.5,1.4,18604651,1211.0
Leandro Bolmaro,SF,21.0,MIN,35.0,2.0,6.9,0.315,0.278,0.846,1.2,0.6,0.2,0.0,0.4,0.7,1.4,5.4,0.419,12.6,-0.1,0.2,0.0,0.004,-5.1,-0.7,-5.8,-0.2,2353320,242.0
Jake Layman,SF,27.0,MIN,34.0,1.0,6.8,0.411,0.229,0.722,1.1,0.3,0.2,0.1,0.3,0.4,2.4,9.0,0.5,16.4,-0.1,0.2,0.1,0.024,-3.3,-0.6,-3.9,-0.1,3940185,231.0
Marquese Chriss,PF,24.0,DAL,34.0,0.0,10.2,0.463,0.32,0.667,3.0,0.5,0.4,0.4,0.5,1.9,4.5,14.8,0.518,21.5,0.2,0.6,0.8,0.108,-3.8,0.0,-3.8,-0.2,958529,347.0
Ricky Rubio,PG,31.0,CLE,34.0,8.0,28.5,0.363,0.339,0.854,4.1,6.6,1.4,0.2,2.6,2.2,13.1,14.0,0.488,24.9,-0.1,1.4,1.3,0.064,-1.0,1.2,0.2,0.5,17800000,969.0
JT Thor,PF,19.0,CHO,33.0,0.0,7.9,0.436,0.259,0.6,1.3,0.6,0.2,0.3,0.3,0.8,2.0,9.7,0.525,12.0,0.1,0.2,0.3,0.058,-3.1,0.1,-3.0,-0.1,1250000,261.0
Paul Millsap,C,36.0,2TM,33.0,1.0,11.4,0.391,0.229,0.708,3.5,0.9,0.3,0.4,0.6,2.0,3.5,10.8,0.458,16.7,0.0,0.5,0.5,0.061,-3.7,0.2,-3.5,-0.1,1669178,376.0
Terry Taylor,PF,22.0,IND,33.0,7.0,21.6,0.614,0.316,0.706,5.2,1.2,0.4,0.2,0.7,1.8,9.6,19.0,0.656,15.9,2.2,0.2,2.4,0.16,2.1,-2.8,-0.6,0.2,600000,713.0
Day'Ron Sharpe,PF,20.0,BRK,32.0,8.0,12.2,0.577,0.286,0.585,5.0,0.5,0.3,0.5,0.9,1.9,6.2,20.7,0.593,21.7,0.8,0.5,1.2,0.152,-0.3,-2.5,-2.8,-0.1,2009040,390.0
Luka Garza,C,23.0,DET,32.0,5.0,12.2,0.449,0.327,0.623,3.1,0.6,0.3,0.2,0.6,1.7,5.8,15.6,0.535,21.1,0.5,0.2,0.8,0.093,-0.5,-2.0,-2.5,-0.1,925258,390.0
Dillon Brooks,SF,26.0,MEM,32.0,31.0,27.7,0.432,0.309,0.849,3.2,2.8,1.1,0.3,1.6,3.3,18.4,15.5,0.515,28.8,0.7,0.9,1.6,0.087,-1.0,-0.8,-1.8,0.0,12200000,886.0
Klay Thompson,SG,31.0,GSW,32.0,32.0,29.4,0.429,0.385,0.902,3.9,2.8,0.5,0.5,1.3,1.7,20.4,16.7,0.547,29.6,0.6,1.2,1.8,0.091,2.6,-1.6,1.1,0.7,37980720,941.0
Santi Aldama,PF,21.0,MEM,32.0,0.0,11.3,0.402,0.125,0.625,2.7,0.7,0.2,0.3,0.5,1.1,4.1,10.2,0.452,18.4,-0.1,0.4,0.3,0.044,-4.2,-1.5,-5.7,-0.3,1994520,362.0
Keifer Sykes,PG,28.0,IND,32.0,11.0,17.7,0.363,0.3,0.882,1.4,1.9,0.4,0.1,1.0,1.6,5.6,5.9,0.456,17.4,-0.5,0.1,-0.5,-0.04,-4.4,-2.4,-6.9,-0.7,558345,566.0
Ed Davis,C,32.0,CLE,31.0,3.0,6.5,0.688,,0.429,2.1,0.2,0.1,0.3,0.2,1.1,0.9,9.3,0.632,6.0,0.2,0.3,0.5,0.126,-4.2,2.5,-1.8,0.0,1669178,202.0
Andre Iguodala,SF,38.0,GSW,31.0,0.0,19.5,0.38,0.23,0.75,3.2,3.7,0.9,0.7,0.9,1.1,4.0,12.3,0.478,11.4,0.5,1.1,1.6,0.125,-0.9,3.7,2.7,0.7,1669178,604.0
James Bouknight,SG,21.0,CHO,31.0,0.0,9.8,0.348,0.347,0.871,1.7,0.8,0.2,0.0,0.5,0.9,4.6,10.1,0.459,23.7,-0.1,0.1,0.0,0.001,-3.4,-3.7,-7.1,-0.4,4154400,304.0
Paul George,PF,31.0,LAC,31.0,31.0,34.7,0.421,0.354,0.858,6.9,5.7,2.2,0.4,4.1,2.4,24.3,18.6,0.538,33.7,-0.6,1.9,1.3,0.057,1.8,1.9,3.7,1.6,39344900,1076.0
Semi Ojeleye,PF,27.0,2TM,30.0,0.0,13.5,0.303,0.3,0.793,2.5,0.3,0.2,0.2,0.3,1.0,3.3,6.7,0.438,12.8,-0.1,0.3,0.2,0.029,-4.1,-1.6,-5.7,-0.4,1669178,405.0
Terence Davis,SG,24.0,SAC,30.0,11.0,17.9,0.423,0.329,0.818,3.1,1.3,0.8,0.4,1.1,2.3,10.4,14.6,0.543,25.6,0.0,0.5,0.5,0.044,-0.6,-0.4,-0.9,0.2,4000000,537.0
Kevin Knox,SF,22.0,2TM,30.0,0.0,7.4,0.365,0.278,0.727,1.5,0.3,0.1,0.1,0.2,0.6,3.1,10.9,0.491,20.0,0.1,0.2,0.2,0.047,-1.9,-2.2,-4.1,-0.1,5845979,222.0
Bruno Fernando,C,23.0,2TM,30.0,0.0,5.1,0.655,0.5,0.625,1.8,0.2,0.0,0.4,0.5,0.8,2.9,21.2,0.671,22.4,0.2,0.2,0.4,0.14,-0.4,0.2,-0.1,0.1,1782621,153.0
Vít Krejčí,SG,21.0,OKC,30.0,8.0,23.0,0.407,0.327,0.864,3.4,1.9,0.6,0.3,1.0,2.2,6.2,8.5,0.529,12.9,0.1,0.5,0.6,0.042,-4.3,-1.0,-5.3,-0.6,925258,690.0
Kelan Martin,SF,26.0,2TM,30.0,1.0,15.0,0.409,0.293,0.692,1.8,0.7,0.4,0.3,0.5,1.2,5.7,9.4,0.484,18.1,-0.1,0.2,0.0,0.005,-2.6,-1.0,-3.6,-0.2,1701593,450.0
Damian Lillard,PG,31.0,POR,29.0,29.0,36.4,0.402,0.324,0.878,4.1,7.3,0.6,0.4,2.9,1.3,24.0,18.5,0.55,29.3,1.7,0.1,1.7,0.079,4.0,-2.7,1.3,0.9,39344900,1056.0
Kyrie Irving,PG,29.0,BRK,29.0,29.0,37.6,0.469,0.418,0.915,4.4,5.8,1.4,0.6,2.5,2.8,27.4,21.4,0.592,29.4,2.4,0.9,3.3,0.147,4.2,-1.2,3.0,1.4,35328700,1090.0
Zach Collins,C,24.0,SAS,28.0,4.0,17.9,0.49,0.341,0.8,5.5,2.2,0.5,0.8,1.6,2.4,7.8,16.4,0.594,19.2,0.6,0.7,1.2,0.118,-1.2,1.0,-0.2,0.2,7000000,501.0
Thomas Bryant,C,24.0,WAS,27.0,9.0,16.3,0.52,0.286,0.875,4.0,0.9,0.2,0.8,0.7,1.6,7.4,16.6,0.607,18.7,0.7,0.4,1.1,0.118,-0.4,-0.7,-1.0,0.1,8666667,440.0
T.J. McConnell,PG,29.0,IND,27.0,8.0,24.1,0.481,0.303,0.826,3.3,4.9,1.1,0.4,1.1,2.0,8.5,15.1,0.525,16.2,1.0,0.4,1.3,0.098,-0.4,1.4,0.9,0.5,7500000,651.0
Derrick Rose,PG,33.0,NYK,26.0,4.0,24.5,0.445,0.402,0.968,3.0,4.0,0.8,0.5,1.5,0.6,12.0,16.9,0.541,22.5,0.8,0.7,1.4,0.108,2.3,0.0,2.3,0.7,13445120,637.0
Nerlens Noel,C,27.0,NYK,25.0,11.0,22.5,0.533,0.0,0.7,5.6,0.9,1.2,1.2,0.8,2.7,3.4,11.8,0.581,7.3,0.4,1.0,1.5,0.128,-3.1,3.3,0.3,0.3,8000000,562.0
Kira Lewis Jr.,PG,20.0,NOP,24.0,0.0,14.2,0.404,0.224,0.833,1.6,2.0,0.5,0.0,1.1,0.7,5.9,9.8,0.466,22.3,-0.3,0.2,-0.1,-0.017,-2.8,-1.2,-4.0,-0.2,3822240,341.0
Usman Garuba,PF,19.0,HOU,24.0,2.0,10.0,0.432,0.25,0.714,3.5,0.7,0.4,0.5,0.3,1.2,2.0,12.9,0.51,9.4,0.2,0.3,0.5,0.105,-1.8,0.9,-0.9,0.1,2353320,240.0
Denzel Valentine,SG,28.0,2TM,24.0,0.0,9.3,0.379,0.404,,1.8,0.5,0.3,0.0,0.5,0.8,2.9,8.1,0.523,15.5,-0.1,0.3,0.2,0.039,-3.1,0.4,-2.7,0.0,1939350,223.0
Kevin Pangos,PG,29.0,CLE,24.0,3.0,6.9,0.326,0.231,0.75,0.5,1.3,0.1,0.0,0.3,0.5,1.6,6.5,0.408,14.6,-0.1,0.1,0.1,0.016,-4.7,-1.4,-6.1,-0.2,1669178,166.0
Daishen Nix,SG,19.0,HOU,24.0,0.0,10.9,0.403,0.269,0.533,1.4,1.7,0.6,0.0,1.1,0.9,3.2,8.1,0.48,17.3,-0.3,0.1,-0.2,-0.033,-5.4,-1.0,-6.4,-0.3,612000,262.0
Trevor Ariza,SF,36.0,LAL,24.0,11.0,19.3,0.333,0.27,0.556,3.4,1.1,0.5,0.3,0.5,0.8,4.0,7.0,0.449,11.0,-0.2,0.4,0.2,0.02,-3.3,-0.2,-3.4,-0.2,1669178,463.0
Charles Bassey,C,21.0,PHI,23.0,0.0,7.3,0.638,0.0,0.75,2.7,0.3,0.2,0.7,0.3,1.4,3.0,21.5,0.66,16.1,0.4,0.3,0.8,0.22,-0.4,2.1,1.7,0.2,925258,168.0
Boban Marjanović,C,33.0,DAL,23.0,0.0,5.6,0.6,0.25,0.591,1.7,0.1,0.0,0.1,0.7,1.0,4.3,18.5,0.615,33.3,-0.1,0.2,0.1,0.045,-3.2,-1.2,-4.4,-0.1,3500000,129.0
Jalen Johnson,PF,20.0,ATL,22.0,0.0,5.5,0.537,0.231,0.714,1.2,0.1,0.1,0.1,0.4,0.4,2.4,11.3,0.59,19.3,-0.1,0.1,0.0,0.013,-3.9,-1.1,-4.9,-0.1,2659580,121.0
Charlie Brown Jr.,SG,24.0,2TM,22.0,2.0,8.0,0.256,0.083,0.9,1.5,0.3,0.5,0.2,0.2,0.8,1.4,6.5,0.346,12.3,-0.2,0.2,0.0,0.012,-5.2,0.4,-4.8,-0.1,1701593,176.0
Goran Dragić,PG,35.0,2TM,21.0,8.0,23.7,0.377,0.254,0.818,3.1,4.1,0.9,0.2,1.6,2.1,7.5,10.0,0.474,17.2,-0.1,0.4,0.4,0.034,-2.8,-0.5,-3.3,-0.2,460463,498.0
Kai Jones,C,21.0,CHO,21.0,0.0,3.0,0.643,0.5,0.375,0.5,0.2,0.0,0.1,0.3,0.4,1.0,9.2,0.628,15.9,0.0,0.0,0.0,0.009,-5.2,-1.4,-6.6,-0.1,2770560,63.0
KZ Okpala,PF,22.0,MIA,21.0,0.0,11.6,0.435,0.346,0.727,2.0,0.7,0.2,0.3,0.2,1.2,3.7,10.4,0.521,14.4,0.2,0.3,0.5,0.097,-3.2,0.4,-2.8,-0.1,1782621,244.0
Willie Cauley-Stein,C,28.0,2TM,20.0,2.0,9.2,0.457,0.5,0.5,2.0,0.5,0.3,0.2,0.4,1.0,1.7,8.3,0.474,10.6,0.0,0.3,0.2,0.066,-4.1,1.1,-3.0,0.0,4100000,184.0
Tyler Cook,PF,24.0,CHI,20.0,2.0,10.0,0.605,,0.656,2.7,0.2,0.2,0.2,0.4,1.4,3.4,13.0,0.643,13.0,0.4,0.2,0.5,0.127,-3.0,-1.1,-4.1,-0.1,1701593,200.0
Isaiah Livers,SF,23.0,DET,19.0,5.0,20.2,0.456,0.422,0.857,3.0,1.1,0.7,0.4,0.8,1.9,6.4,11.1,0.629,12.4,0.4,0.3,0.7,0.085,-1.3,-0.2,-1.5,0.0,1057260,384.0
Jahmi'us Ramsey,SG,20.0,SAC,19.0,0.0,7.1,0.414,0.278,0.5,0.7,0.4,0.1,0.1,0.3,0.5,3.2,7.9,0.468,22.2,-0.1,0.0,-0.1,-0.048,-3.5,-3.4,-6.9,-0.2,1517981,135.0
PJ Dozier,SG,25.0,DEN,18.0,0.0,18.9,0.364,0.313,0.769,3.5,1.6,0.6,0.3,0.7,1.8,5.4,8.7,0.463,15.2,-0.1,0.4,0.3,0.038,-3.0,1.0,-2.0,0.0,1910860,340.0
Markelle Fultz,PG,23.0,ORL,18.0,3.0,20.0,0.474,0.235,0.806,2.7,5.5,1.1,0.3,2.2,1.2,10.8,17.7,0.517,27.5,0.0,0.4,0.4,0.053,-0.1,0.4,0.2,0.2,16500000,360.0
Udoka Azubuike,C,22.0,UTA,17.0,6.0,11.5,0.755,,0.545,4.2,0.0,0.1,0.6,0.7,1.5,4.7,17.6,0.743,14.7,0.3,0.3,0.6,0.157,-1.8,0.4,-1.4,0.0,2075880,196.0
Patrick Williams,PF,20.0,CHI,17.0,9.0,24.8,0.529,0.517,0.732,4.1,0.9,0.5,0.5,0.9,1.6,9.0,12.7,0.637,14.2,0.6,0.3,0.9,0.099,-0.9,-0.7,-1.5,0.0,7422000,422.0
Alfonzo McKinnie,SF,29.0,CHI,17.0,3.0,12.1,0.393,0.333,0.25,1.9,0.3,0.1,0.2,0.4,1.5,3.5,5.6,0.457,15.3,-0.2,0.1,-0.1,-0.015,-5.6,-3.4,-9.0,-0.4,1090007,206.0
Markieff Morris,PF,32.0,MIA,17.0,1.0,17.5,0.474,0.333,0.889,2.6,1.4,0.4,0.1,1.2,1.9,7.6,10.9,0.547,20.6,0.0,0.3,0.3,0.054,-1.5,-0.4,-1.9,0.0,1669178,298.0
Mychal Mulder,PG,27.0,2TM,17.0,3.0,14.1,0.312,0.315,1.0,1.4,0.3,0.2,0.1,0.5,0.8,4.1,3.7,0.438,15.8,-0.4,0.1,-0.2,-0.05,-5.9,-1.8,-7.7,-0.3,1782621,240.0
Miye Oni,SG,24.0,UTA,16.0,0.0,2.8,0.222,0.125,0.0,0.4,0.3,0.0,0.0,0.1,0.4,0.3,0.4,0.265,10.3,-0.1,0.0,0.0,-0.032,-7.6,-0.3,-7.9,-0.1,1782621,45.0
Vlatko Čančar,PF,24.0,DEN,15.0,1.0,11.7,0.561,0.583,0.643,2.1,1.1,0.1,0.2,0.6,1.2,4.1,12.7,0.657,14.0,0.3,0.1,0.4,0.114,-0.9,-0.9,-1.7,0.0,1782621,176.0
Luke Kornet,C,26.0,3TM,15.0,0.0,6.9,0.481,0.0,0.667,1.9,0.6,0.2,0.2,0.0,0.6,2.0,16.6,0.506,12.7,0.2,0.2,0.4,0.194,-0.9,0.4,-0.5,0.0,565986,104.0
Isaac Bonga,SF,22.0,TOR,15.0,0.0,4.6,0.231,0.25,0.625,0.5,0.3,0.5,0.1,0.1,0.7,0.8,8.7,0.363,11.5,-0.1,0.1,0.1,0.06,-5.4,5.0,-0.4,0.0,1669178,69.0
Bol Bol,PF,22.0,DEN,14.0,0.0,5.8,0.556,0.25,0.4,1.4,0.4,0.1,0.1,0.3,0.3,2.4,13.5,0.565,18.0,0.0,0.1,0.1,0.065,-0.5,-0.4,-1.0,0.0,2161152,81.0
Abdel Nader,SF,28.0,PHO,14.0,0.0,10.4,0.343,0.286,0.6,1.9,0.5,0.6,0.3,0.8,1.4,2.4,4.9,0.431,15.0,-0.3,0.3,0.0,-0.009,-7.1,2.2,-4.9,-0.1,2000000,146.0
Joe Harris,SF,30.0,BRK,14.0,14.0,30.2,0.452,0.466,0.833,4.0,1.0,0.5,0.1,1.1,2.2,11.3,9.6,0.624,14.5,0.3,0.2,0.5,0.06,-0.9,-0.5,-1.4,0.1,17357143,423.0
Kris Dunn,PG,27.0,POR,14.0,3.0,24.0,0.431,0.091,0.944,3.5,5.6,1.6,0.2,2.3,2.7,7.6,12.5,0.482,18.3,-0.1,0.3,0.2,0.024,-4.6,-0.8,-5.4,-0.3,5005350,336.0
Solomon Hill,SF,30.0,ATL,13.0,1.0,10.7,0.15,0.154,,1.8,0.9,0.3,0.2,0.1,1.2,0.6,3.3,0.2,6.6,-0.1,0.1,0.0,-0.006,-5.2,1.2,-4.0,-0.1,1669178,139.0
Mamadi Diakite,PF,25.0,OKC,13.0,3.0,14.5,0.532,0.0,0.545,4.5,0.2,0.4,0.7,0.5,2.5,4.3,11.6,0.54,13.5,0.1,0.3,0.3,0.08,-5.9,0.9,-5.0,-0.1,1517981,188.0
Brook Lopez,C,33.0,MIL,13.0,11.0,22.9,0.466,0.358,0.87,4.1,0.5,0.6,1.2,0.9,2.6,12.4,16.0,0.57,21.9,0.3,0.3,0.7,0.108,-0.7,-0.7,-1.3,0.1,13302325,298.0
Georgios Kalaitzakis,SF,23.0,2TM,13.0,4.0,16.5,0.463,0.385,0.467,1.6,0.9,0.8,0.2,1.5,1.5,6.6,8.6,0.536,20.2,-0.3,0.2,-0.1,-0.024,-5.1,-1.9,-7.0,-0.3,925258,214.0
Udonis Haslem,C,41.0,MIA,13.0,0.0,6.4,0.452,0.25,1.0,1.9,0.3,0.1,0.1,0.4,1.2,2.5,8.6,0.495,20.0,-0.1,0.1,0.1,0.033,-6.4,-0.7,-7.1,-0.1,1669178,83.0
Robert Woodard II,SF,22.0,SAC,12.0,0.0,3.5,0.125,0.25,1.0,0.9,0.3,0.1,0.1,0.1,0.3,0.6,2.1,0.207,18.3,-0.2,0.0,-0.1,-0.147,-6.8,-3.6,-10.4,-0.1,1517981,42.0
Jabari Parker,PF,26.0,BOS,12.0,0.0,9.3,0.474,0.5,1.0,2.3,0.5,0.3,0.1,0.7,1.1,4.4,14.8,0.632,19.6,0.1,0.2,0.3,0.141,-0.3,1.1,0.7,0.1,1669178,112.0
Isaiah Todd,PF,20.0,WAS,12.0,0.0,6.2,0.269,0.25,0.333,1.0,0.3,0.3,0.2,0.3,0.3,1.7,4.7,0.349,19.6,-0.2,0.1,-0.2,-0.104,-5.7,-1.2,-6.9,-0.1,1500000,74.0
Collin Sexton,SG,23.0,CLE,11.0,11.0,28.7,0.45,0.244,0.744,3.3,2.1,0.9,0.0,2.8,2.3,16.0,11.2,0.523,27.9,-0.4,0.3,-0.1,-0.009,-3.5,-0.7,-4.1,-0.2,6439671,316.0
Ryan Arcidiacono,PG,27.0,NYK,10.0,0.0,7.6,0.5,0.444,,0.8,0.4,0.1,0.0,0.3,0.5,1.6,6.1,0.667,8.6,0.0,0.1,0.1,0.052,-4.6,0.0,-4.6,-0.1,546800,76.0
Marko Simonovic,C,22.0,CHI,9.0,0.0,3.9,0.267,0.2,0.727,1.1,0.0,0.1,0.1,0.2,0.7,1.9,10.2,0.428,27.5,0.0,0.0,0.0,-0.011,-6.1,-5.0,-11.1,-0.1,925258,35.0
Paul Watson,SF,27.0,OKC,9.0,3.0,17.3,0.343,0.231,0.5,3.0,0.9,0.3,0.3,0.4,1.1,3.4,5.7,0.432,11.0,-0.1,0.1,0.0,0.001,-4.8,-0.6,-5.4,-0.1,1701593,156.0
Michael Porter Jr.,SF,23.0,DEN,9.0,9.0,29.4,0.359,0.208,0.556,6.6,1.9,1.1,0.2,1.3,1.8,9.9,7.5,0.416,19.7,-0.5,0.3,-0.2,-0.032,-3.9,0.5,-3.5,-0.1,5258735,265.0
Frank Kaminsky,C,28.0,PHO,9.0,0.0,20.1,0.545,0.333,0.9,4.6,1.4,0.9,0.8,0.6,1.6,10.6,21.3,0.635,19.0,0.5,0.3,0.9,0.228,2.4,2.5,4.9,0.3,1669178,181.0
Nik Stauskas,SG,28.0,2TM,8.0,0.0,4.9,0.357,0.4,0.667,0.4,0.3,0.0,0.0,0.1,0.1,2.3,10.5,0.541,20.0,0.0,0.0,0.1,0.078,-0.9,-2.7,-3.6,0.0,432536,39.0
Victor Oladipo,SG,29.0,MIA,8.0,1.0,21.6,0.479,0.417,0.737,2.9,3.5,0.6,0.1,2.0,1.6,12.4,16.8,0.608,25.1,0.2,0.2,0.4,0.124,1.8,-0.5,1.3,0.1,1669178,173.0
Vernon Carey Jr.,C,20.0,2TM,7.0,1.0,6.3,0.538,,0.462,1.7,0.0,0.3,0.1,0.4,0.6,2.9,15.8,0.534,21.6,0.0,0.0,0.1,0.068,-3.0,-4.5,-7.5,-0.1,1517981,44.0
Gabriel Deck,PF,26.0,OKC,7.0,0.0,8.0,0.571,0.5,,0.9,0.7,0.1,0.0,0.3,0.3,2.6,11.5,0.643,12.3,0.1,0.0,0.1,0.08,-1.2,-1.3,-2.5,0.0,3676852,56.0
Chandler Hutchison,SF,25.0,PHO,6.0,0.0,3.7,0.5,,1.0,0.8,0.3,0.0,0.0,0.7,0.2,0.7,1.0,0.694,13.5,-0.1,0.0,0.0,-0.086,-8.0,-0.5,-8.5,0.0,4019459,22.0
Sam Merrill,SG,25.0,MEM,6.0,0.0,9.7,0.333,0.304,0.5,1.2,0.7,0.0,0.0,0.3,0.5,4.2,7.5,0.485,19.6,0.0,0.0,0.0,0.029,-2.2,-3.4,-5.6,-0.1,1517981,58.0
Carsen Edwards,SG,23.0,DET,4.0,0.0,19.8,0.3,0.25,1.0,1.5,3.5,0.5,0.0,1.3,1.0,5.8,5.5,0.378,19.2,-0.1,0.0,-0.1,-0.075,-6.0,-3.4,-9.3,-0.1,1782621,79.0
Deividas Sirvydis,SG,21.0,DET,3.0,0.0,9.0,0.1,0.143,,2.0,0.3,1.0,0.3,0.0,1.3,1.0,0.1,0.15,15.9,-0.1,0.1,-0.1,-0.139,-10.8,2.2,-8.7,0.0,1517981,27.0
Wes Iwundu,SF,27.0,ATL,3.0,1.0,27.3,0.444,0.6,0.75,4.3,0.0,0.3,0.0,0.3,2.7,7.3,7.1,0.557,11.1,0.1,0.0,0.1,0.046,-4.1,-2.7,-6.8,-0.1,1824003,82.0
Daniel Oturu,C,22.0,TOR,3.0,0.0,9.0,0.5,0.0,0.6,1.7,0.0,0.0,0.7,0.0,0.3,3.0,13.4,0.549,13.0,0.0,0.0,0.1,0.121,-2.7,-2.5,-5.2,0.0,1517981,27.0
Jaden Springer,SG,19.0,PHI,2.0,0.0,3.0,1.0,,,1.0,0.0,0.0,1.0,0.5,0.0,1.0,26.4,1.0,15.0,0.0,0.0,0.0,0.138,8.3,8.7,17.1,0.0,2023800,6.0
Tyrell Terry,PG,21.0,MEM,2.0,0.0,1.5,1.0,,,0.0,0.0,0.0,0.0,0.0,0.5,1.0,20.0,1.0,13.7,0.0,0.0,0.0,0.222,-3.4,2.5,-1.0,0.0,1517981,3.0
Sekou Doumbouya,PF,21.0,LAL,2.0,0.0,8.0,0.625,0.5,0.75,3.0,0.0,1.5,1.0,1.0,0.5,7.0,40.7,0.717,31.6,0.0,0.1,0.1,0.3,8.8,10.0,18.8,0.1,3613680,16.0
Sam Dekker,PF,27.0,TOR,1.0,0.0,1.0,,,,0.0,0.0,0.0,0.0,0.0,0.0,0.0,0.0,,0.0,0.0,0.0,0.0,0.003,-6.2,-3.4,-9.6,0.0,1669178,1.0
